"model_digest"	"claim_id"	"origin"	"evidence_index"	"ref_index"	"surface_unit"	"utf16_start"	"utf16_end_exclusive"
"3480df7007cb6dcab43d3f725cfd83820c3b42d523253166569b51940554a142"	"wog:claim:ent:arrows"	"node-support"	"{""status"":""not-applicable""}"	"0"	"{""status"":""present"",""value"":""story:e4b036101a7a:s13""}"	"552"	"598"
"3480df7007cb6dcab43d3f725cfd83820c3b42d523253166569b51940554a142"	"wog:claim:ent:arrows"	"node-support"	"{""status"":""not-applicable""}"	"1"	"{""status"":""present"",""value"":""story:e4b036101a7a:s14""}"	"599"	"625"
"3480df7007cb6dcab43d3f725cfd83820c3b42d523253166569b51940554a142"	"wog:claim:ent:arrows"	"claim-evidence"	"{""status"":""present"",""value"":0}"	"0"	"{""status"":""present"",""value"":""story:e4b036101a7a:s13""}"	"552"	"598"
"3480df7007cb6dcab43d3f725cfd83820c3b42d523253166569b51940554a142"	"wog:claim:ent:arrows"	"claim-evidence"	"{""status"":""present"",""value"":0}"	"1"	"{""status"":""present"",""value"":""story:e4b036101a7a:s14""}"	"599"	"625"
"3480df7007cb6dcab43d3f725cfd83820c3b42d523253166569b51940554a142"	"wog:claim:ent:canoe"	"node-support"	"{""status"":""not-applicable""}"	"0"	"{""status"":""present"",""value"":""story:e4b036101a7a:s8""}"	"324"	"396"
"3480df7007cb6dcab43d3f725cfd83820c3b42d523253166569b51940554a142"	"wog:claim:ent:canoe"	"node-support"	"{""status"":""not-applicable""}"	"1"	"{""status"":""present"",""value"":""story:e4b036101a7a:s14""}"	"599"	"625"
"3480df7007cb6dcab43d3f725cfd83820c3b42d523253166569b51940554a142"	"wog:claim:ent:canoe"	"node-support"	"{""status"":""not-applicable""}"	"2"	"{""status"":""present"",""value"":""story:e4b036101a7a:s35""}"	"1535"	"1581"
"3480df7007cb6dcab43d3f725cfd83820c3b42d523253166569b51940554a142"	"wog:claim:ent:canoe"	"claim-evidence"	"{""status"":""present"",""value"":0}"	"0"	"{""status"":""present"",""value"":""story:e4b036101a7a:s8""}"	"324"	"396"
"3480df7007cb6dcab43d3f725cfd83820c3b42d523253166569b51940554a142"	"wog:claim:ent:canoe"	"claim-evidence"	"{""status"":""present"",""value"":0}"	"1"	"{""status"":""present"",""value"":""story:e4b036101a7a:s14""}"	"599"	"625"
"3480df7007cb6dcab43d3f725cfd83820c3b42d523253166569b51940554a142"	"wog:claim:ent:canoe"	"claim-evidence"	"{""status"":""present"",""value"":0}"	"2"	"{""status"":""present"",""value"":""story:e4b036101a7a:s35""}"	"1535"	"1581"
"3480df7007cb6dcab43d3f725cfd83820c3b42d523253166569b51940554a142"	"wog:claim:ent:egulac"	"node-support"	"{""status"":""not-applicable""}"	"0"	"{""status"":""present"",""value"":""story:e4b036101a7a:s0""}"	"0"	"28"
"3480df7007cb6dcab43d3f725cfd83820c3b42d523253166569b51940554a142"	"wog:claim:ent:egulac"	"node-support"	"{""status"":""not-applicable""}"	"1"	"{""status"":""present"",""value"":""story:e4b036101a7a:s34""}"	"1511"	"1534"
"3480df7007cb6dcab43d3f725cfd83820c3b42d523253166569b51940554a142"	"wog:claim:ent:egulac"	"claim-evidence"	"{""status"":""present"",""value"":0}"	"0"	"{""status"":""present"",""value"":""story:e4b036101a7a:s0""}"	"0"	"28"
"3480df7007cb6dcab43d3f725cfd83820c3b42d523253166569b51940554a142"	"wog:claim:ent:egulac"	"claim-evidence"	"{""status"":""present"",""value"":0}"	"1"	"{""status"":""present"",""value"":""story:e4b036101a7a:s34""}"	"1511"	"1534"
"3480df7007cb6dcab43d3f725cfd83820c3b42d523253166569b51940554a142"	"wog:claim:ent:house"	"node-support"	"{""status"":""not-applicable""}"	"0"	"{""status"":""present"",""value"":""story:e4b036101a7a:s37""}"	"1614"	"1654"
"3480df7007cb6dcab43d3f725cfd83820c3b42d523253166569b51940554a142"	"wog:claim:ent:house"	"claim-evidence"	"{""status"":""present"",""value"":0}"	"0"	"{""status"":""present"",""value"":""story:e4b036101a7a:s37""}"	"1614"	"1654"
"3480df7007cb6dcab43d3f725cfd83820c3b42d523253166569b51940554a142"	"wog:claim:ent:kalama"	"node-support"	"{""status"":""not-applicable""}"	"0"	"{""status"":""present"",""value"":""story:e4b036101a7a:s25""}"	"1049"	"1098"
"3480df7007cb6dcab43d3f725cfd83820c3b42d523253166569b51940554a142"	"wog:claim:ent:kalama"	"claim-evidence"	"{""status"":""present"",""value"":0}"	"0"	"{""status"":""present"",""value"":""story:e4b036101a7a:s25""}"	"1049"	"1098"
"3480df7007cb6dcab43d3f725cfd83820c3b42d523253166569b51940554a142"	"wog:claim:ent:kalama-people"	"node-support"	"{""status"":""not-applicable""}"	"0"	"{""status"":""present"",""value"":""story:e4b036101a7a:s12""}"	"498"	"551"
"3480df7007cb6dcab43d3f725cfd83820c3b42d523253166569b51940554a142"	"wog:claim:ent:kalama-people"	"node-support"	"{""status"":""not-applicable""}"	"1"	"{""status"":""present"",""value"":""story:e4b036101a7a:s26""}"	"1099"	"1157"
"3480df7007cb6dcab43d3f725cfd83820c3b42d523253166569b51940554a142"	"wog:claim:ent:kalama-people"	"claim-evidence"	"{""status"":""present"",""value"":0}"	"0"	"{""status"":""present"",""value"":""story:e4b036101a7a:s12""}"	"498"	"551"
"3480df7007cb6dcab43d3f725cfd83820c3b42d523253166569b51940554a142"	"wog:claim:ent:kalama-people"	"claim-evidence"	"{""status"":""present"",""value"":0}"	"1"	"{""status"":""present"",""value"":""story:e4b036101a7a:s26""}"	"1099"	"1157"
"3480df7007cb6dcab43d3f725cfd83820c3b42d523253166569b51940554a142"	"wog:claim:ent:log"	"node-support"	"{""status"":""not-applicable""}"	"0"	"{""status"":""present"",""value"":""story:e4b036101a7a:s6""}"	"216"	"267"
"3480df7007cb6dcab43d3f725cfd83820c3b42d523253166569b51940554a142"	"wog:claim:ent:log"	"claim-evidence"	"{""status"":""present"",""value"":0}"	"0"	"{""status"":""present"",""value"":""story:e4b036101a7a:s6""}"	"216"	"267"
"3480df7007cb6dcab43d3f725cfd83820c3b42d523253166569b51940554a142"	"wog:claim:ent:relatives"	"node-support"	"{""status"":""not-applicable""}"	"0"	"{""status"":""present"",""value"":""story:e4b036101a7a:s0""}"	"0"	"28"
"3480df7007cb6dcab43d3f725cfd83820c3b42d523253166569b51940554a142"	"wog:claim:ent:relatives"	"node-support"	"{""status"":""not-applicable""}"	"1"	"{""status"":""present"",""value"":""story:e4b036101a7a:s16""}"	"685"	"728"
"3480df7007cb6dcab43d3f725cfd83820c3b42d523253166569b51940554a142"	"wog:claim:ent:relatives"	"node-support"	"{""status"":""not-applicable""}"	"2"	"{""status"":""present"",""value"":""story:e4b036101a7a:s48""}"	"2131"	"2162"
"3480df7007cb6dcab43d3f725cfd83820c3b42d523253166569b51940554a142"	"wog:claim:ent:relatives"	"claim-evidence"	"{""status"":""present"",""value"":0}"	"0"	"{""status"":""present"",""value"":""story:e4b036101a7a:s0""}"	"0"	"28"
"3480df7007cb6dcab43d3f725cfd83820c3b42d523253166569b51940554a142"	"wog:claim:ent:relatives"	"claim-evidence"	"{""status"":""present"",""value"":0}"	"1"	"{""status"":""present"",""value"":""story:e4b036101a7a:s16""}"	"685"	"728"
"3480df7007cb6dcab43d3f725cfd83820c3b42d523253166569b51940554a142"	"wog:claim:ent:relatives"	"claim-evidence"	"{""status"":""present"",""value"":0}"	"2"	"{""status"":""present"",""value"":""story:e4b036101a7a:s48""}"	"2131"	"2162"
"3480df7007cb6dcab43d3f725cfd83820c3b42d523253166569b51940554a142"	"wog:claim:ent:river"	"node-support"	"{""status"":""not-applicable""}"	"0"	"{""status"":""present"",""value"":""story:e4b036101a7a:s2""}"	"73"	"98"
"3480df7007cb6dcab43d3f725cfd83820c3b42d523253166569b51940554a142"	"wog:claim:ent:river"	"node-support"	"{""status"":""not-applicable""}"	"1"	"{""status"":""present"",""value"":""story:e4b036101a7a:s12""}"	"498"	"551"
"3480df7007cb6dcab43d3f725cfd83820c3b42d523253166569b51940554a142"	"wog:claim:ent:river"	"claim-evidence"	"{""status"":""present"",""value"":0}"	"0"	"{""status"":""present"",""value"":""story:e4b036101a7a:s2""}"	"73"	"98"
"3480df7007cb6dcab43d3f725cfd83820c3b42d523253166569b51940554a142"	"wog:claim:ent:river"	"claim-evidence"	"{""status"":""present"",""value"":0}"	"1"	"{""status"":""present"",""value"":""story:e4b036101a7a:s12""}"	"498"	"551"
"3480df7007cb6dcab43d3f725cfd83820c3b42d523253166569b51940554a142"	"wog:claim:ent:shot-fellow"	"node-support"	"{""status"":""not-applicable""}"	"0"	"{""status"":""present"",""value"":""story:e4b036101a7a:s28""}"	"1194"	"1281"
"3480df7007cb6dcab43d3f725cfd83820c3b42d523253166569b51940554a142"	"wog:claim:ent:shot-fellow"	"claim-evidence"	"{""status"":""present"",""value"":0}"	"0"	"{""status"":""present"",""value"":""story:e4b036101a7a:s28""}"	"1194"	"1281"
"3480df7007cb6dcab43d3f725cfd83820c3b42d523253166569b51940554a142"	"wog:claim:ent:warriors"	"node-support"	"{""status"":""not-applicable""}"	"0"	"{""status"":""present"",""value"":""story:e4b036101a7a:s9""}"	"397"	"430"
"3480df7007cb6dcab43d3f725cfd83820c3b42d523253166569b51940554a142"	"wog:claim:ent:warriors"	"node-support"	"{""status"":""not-applicable""}"	"1"	"{""status"":""present"",""value"":""story:e4b036101a7a:s23""}"	"984"	"1007"
"3480df7007cb6dcab43d3f725cfd83820c3b42d523253166569b51940554a142"	"wog:claim:ent:warriors"	"node-support"	"{""status"":""not-applicable""}"	"2"	"{""status"":""present"",""value"":""story:e4b036101a7a:s31""}"	"1392"	"1430"
"3480df7007cb6dcab43d3f725cfd83820c3b42d523253166569b51940554a142"	"wog:claim:ent:warriors"	"claim-evidence"	"{""status"":""present"",""value"":0}"	"0"	"{""status"":""present"",""value"":""story:e4b036101a7a:s9""}"	"397"	"430"
"3480df7007cb6dcab43d3f725cfd83820c3b42d523253166569b51940554a142"	"wog:claim:ent:warriors"	"claim-evidence"	"{""status"":""present"",""value"":0}"	"1"	"{""status"":""present"",""value"":""story:e4b036101a7a:s23""}"	"984"	"1007"
"3480df7007cb6dcab43d3f725cfd83820c3b42d523253166569b51940554a142"	"wog:claim:ent:warriors"	"claim-evidence"	"{""status"":""present"",""value"":0}"	"2"	"{""status"":""present"",""value"":""story:e4b036101a7a:s31""}"	"1392"	"1430"
"3480df7007cb6dcab43d3f725cfd83820c3b42d523253166569b51940554a142"	"wog:claim:ent:young-man-1"	"node-support"	"{""status"":""not-applicable""}"	"0"	"{""status"":""present"",""value"":""story:e4b036101a7a:s15""}"	"626"	"684"
"3480df7007cb6dcab43d3f725cfd83820c3b42d523253166569b51940554a142"	"wog:claim:ent:young-man-1"	"node-support"	"{""status"":""not-applicable""}"	"1"	"{""status"":""present"",""value"":""story:e4b036101a7a:s20""}"	"807"	"856"
"3480df7007cb6dcab43d3f725cfd83820c3b42d523253166569b51940554a142"	"wog:claim:ent:young-man-1"	"node-support"	"{""status"":""not-applicable""}"	"2"	"{""status"":""present"",""value"":""story:e4b036101a7a:s21""}"	"857"	"912"
"3480df7007cb6dcab43d3f725cfd83820c3b42d523253166569b51940554a142"	"wog:claim:ent:young-man-1"	"claim-evidence"	"{""status"":""present"",""value"":0}"	"0"	"{""status"":""present"",""value"":""story:e4b036101a7a:s15""}"	"626"	"684"
"3480df7007cb6dcab43d3f725cfd83820c3b42d523253166569b51940554a142"	"wog:claim:ent:young-man-1"	"claim-evidence"	"{""status"":""present"",""value"":0}"	"1"	"{""status"":""present"",""value"":""story:e4b036101a7a:s20""}"	"807"	"856"
"3480df7007cb6dcab43d3f725cfd83820c3b42d523253166569b51940554a142"	"wog:claim:ent:young-man-1"	"claim-evidence"	"{""status"":""present"",""value"":0}"	"2"	"{""status"":""present"",""value"":""story:e4b036101a7a:s21""}"	"857"	"912"
"3480df7007cb6dcab43d3f725cfd83820c3b42d523253166569b51940554a142"	"wog:claim:ent:young-man-2"	"node-support"	"{""status"":""not-applicable""}"	"0"	"{""status"":""present"",""value"":""story:e4b036101a7a:s19""}"	"781"	"806"
"3480df7007cb6dcab43d3f725cfd83820c3b42d523253166569b51940554a142"	"wog:claim:ent:young-man-2"	"node-support"	"{""status"":""not-applicable""}"	"1"	"{""status"":""present"",""value"":""story:e4b036101a7a:s27""}"	"1158"	"1193"
"3480df7007cb6dcab43d3f725cfd83820c3b42d523253166569b51940554a142"	"wog:claim:ent:young-man-2"	"node-support"	"{""status"":""not-applicable""}"	"2"	"{""status"":""present"",""value"":""story:e4b036101a7a:s47""}"	"2118"	"2130"
"3480df7007cb6dcab43d3f725cfd83820c3b42d523253166569b51940554a142"	"wog:claim:ent:young-man-2"	"claim-evidence"	"{""status"":""present"",""value"":0}"	"0"	"{""status"":""present"",""value"":""story:e4b036101a7a:s19""}"	"781"	"806"
"3480df7007cb6dcab43d3f725cfd83820c3b42d523253166569b51940554a142"	"wog:claim:ent:young-man-2"	"claim-evidence"	"{""status"":""present"",""value"":0}"	"1"	"{""status"":""present"",""value"":""story:e4b036101a7a:s27""}"	"1158"	"1193"
"3480df7007cb6dcab43d3f725cfd83820c3b42d523253166569b51940554a142"	"wog:claim:ent:young-man-2"	"claim-evidence"	"{""status"":""present"",""value"":0}"	"2"	"{""status"":""present"",""value"":""story:e4b036101a7a:s47""}"	"2118"	"2130"
"3480df7007cb6dcab43d3f725cfd83820c3b42d523253166569b51940554a142"	"wog:claim:ent:young-men"	"node-support"	"{""status"":""not-applicable""}"	"0"	"{""status"":""present"",""value"":""story:e4b036101a7a:s1""}"	"29"	"72"
"3480df7007cb6dcab43d3f725cfd83820c3b42d523253166569b51940554a142"	"wog:claim:ent:young-men"	"node-support"	"{""status"":""not-applicable""}"	"1"	"{""status"":""present"",""value"":""story:e4b036101a7a:s4""}"	"125"	"171"
"3480df7007cb6dcab43d3f725cfd83820c3b42d523253166569b51940554a142"	"wog:claim:ent:young-men"	"node-support"	"{""status"":""not-applicable""}"	"2"	"{""status"":""present"",""value"":""story:e4b036101a7a:s6""}"	"216"	"267"
"3480df7007cb6dcab43d3f725cfd83820c3b42d523253166569b51940554a142"	"wog:claim:ent:young-men"	"claim-evidence"	"{""status"":""present"",""value"":0}"	"0"	"{""status"":""present"",""value"":""story:e4b036101a7a:s1""}"	"29"	"72"
"3480df7007cb6dcab43d3f725cfd83820c3b42d523253166569b51940554a142"	"wog:claim:ent:young-men"	"claim-evidence"	"{""status"":""present"",""value"":0}"	"1"	"{""status"":""present"",""value"":""story:e4b036101a7a:s4""}"	"125"	"171"
"3480df7007cb6dcab43d3f725cfd83820c3b42d523253166569b51940554a142"	"wog:claim:ent:young-men"	"claim-evidence"	"{""status"":""present"",""value"":0}"	"2"	"{""status"":""present"",""value"":""story:e4b036101a7a:s6""}"	"216"	"267"
"3480df7007cb6dcab43d3f725cfd83820c3b42d523253166569b51940554a142"	"wog:claim:sit:accompanied-ghosts"	"node-support"	"{""status"":""not-applicable""}"	"0"	"{""status"":""present"",""value"":""story:e4b036101a7a:s38""}"	"1675"	"1686"
"3480df7007cb6dcab43d3f725cfd83820c3b42d523253166569b51940554a142"	"wog:claim:sit:accompanied-ghosts"	"claim-evidence"	"{""status"":""present"",""value"":0}"	"0"	"{""status"":""present"",""value"":""story:e4b036101a7a:s38""}"	"1655"	"1723"
"3480df7007cb6dcab43d3f725cfd83820c3b42d523253166569b51940554a142"	"wog:claim:sit:announced-war"	"node-support"	"{""status"":""not-applicable""}"	"0"	"{""status"":""present"",""value"":""story:e4b036101a7a:s12""}"	"498"	"551"
"3480df7007cb6dcab43d3f725cfd83820c3b42d523253166569b51940554a142"	"wog:claim:sit:announced-war"	"claim-evidence"	"{""status"":""present"",""value"":0}"	"0"	"{""status"":""present"",""value"":""story:e4b036101a7a:s12""}"	"498"	"551"
"3480df7007cb6dcab43d3f725cfd83820c3b42d523253166569b51940554a142"	"wog:claim:sit:arrive-egulac"	"node-support"	"{""status"":""not-applicable""}"	"0"	"{""status"":""present"",""value"":""story:e4b036101a7a:s34""}"	"1511"	"1534"
"3480df7007cb6dcab43d3f725cfd83820c3b42d523253166569b51940554a142"	"wog:claim:sit:arrive-egulac"	"claim-evidence"	"{""status"":""present"",""value"":0}"	"0"	"{""status"":""present"",""value"":""story:e4b036101a7a:s34""}"	"1511"	"1534"
"3480df7007cb6dcab43d3f725cfd83820c3b42d523253166569b51940554a142"	"wog:claim:sit:arrive-kalama"	"node-support"	"{""status"":""not-applicable""}"	"0"	"{""status"":""present"",""value"":""story:e4b036101a7a:s25""}"	"1049"	"1098"
"3480df7007cb6dcab43d3f725cfd83820c3b42d523253166569b51940554a142"	"wog:claim:sit:arrive-kalama"	"claim-evidence"	"{""status"":""present"",""value"":0}"	"0"	"{""status"":""present"",""value"":""story:e4b036101a7a:s25""}"	"1049"	"1098"
"3480df7007cb6dcab43d3f725cfd83820c3b42d523253166569b51940554a142"	"wog:claim:sit:arrows-in-canoe"	"node-support"	"{""status"":""not-applicable""}"	"0"	"{""status"":""present"",""value"":""story:e4b036101a7a:s14""}"	"599"	"625"
"3480df7007cb6dcab43d3f725cfd83820c3b42d523253166569b51940554a142"	"wog:claim:sit:arrows-in-canoe"	"claim-evidence"	"{""status"":""present"",""value"":0}"	"0"	"{""status"":""present"",""value"":""story:e4b036101a7a:s14""}"	"599"	"625"
"3480df7007cb6dcab43d3f725cfd83820c3b42d523253166569b51940554a142"	"wog:claim:sit:battle"	"node-support"	"{""status"":""not-applicable""}"	"0"	"{""status"":""present"",""value"":""story:e4b036101a7a:s26""}"	"1151"	"1156"
"3480df7007cb6dcab43d3f725cfd83820c3b42d523253166569b51940554a142"	"wog:claim:sit:battle"	"node-support"	"{""status"":""not-applicable""}"	"1"	"{""status"":""present"",""value"":""story:e4b036101a7a:s29""}"	"1282"	"1317"
"3480df7007cb6dcab43d3f725cfd83820c3b42d523253166569b51940554a142"	"wog:claim:sit:battle"	"claim-evidence"	"{""status"":""present"",""value"":0}"	"0"	"{""status"":""present"",""value"":""story:e4b036101a7a:s26""}"	"1099"	"1157"
"3480df7007cb6dcab43d3f725cfd83820c3b42d523253166569b51940554a142"	"wog:claim:sit:battle"	"claim-evidence"	"{""status"":""present"",""value"":0}"	"1"	"{""status"":""present"",""value"":""story:e4b036101a7a:s29""}"	"1282"	"1317"
"3480df7007cb6dcab43d3f725cfd83820c3b42d523253166569b51940554a142"	"wog:claim:sit:becomes-quiet"	"node-support"	"{""status"":""not-applicable""}"	"0"	"{""status"":""present"",""value"":""story:e4b036101a7a:s42""}"	"1936"	"1941"
"3480df7007cb6dcab43d3f725cfd83820c3b42d523253166569b51940554a142"	"wog:claim:sit:becomes-quiet"	"node-support"	"{""status"":""not-applicable""}"	"1"	"{""status"":""present"",""value"":""story:e4b036101a7a:s43""}"	"1943"	"1987"
"3480df7007cb6dcab43d3f725cfd83820c3b42d523253166569b51940554a142"	"wog:claim:sit:becomes-quiet"	"claim-evidence"	"{""status"":""present"",""value"":0}"	"0"	"{""status"":""present"",""value"":""story:e4b036101a7a:s42""}"	"1901"	"1942"
"3480df7007cb6dcab43d3f725cfd83820c3b42d523253166569b51940554a142"	"wog:claim:sit:becomes-quiet"	"claim-evidence"	"{""status"":""present"",""value"":0}"	"1"	"{""status"":""present"",""value"":""story:e4b036101a7a:s43""}"	"1943"	"1987"
"3480df7007cb6dcab43d3f725cfd83820c3b42d523253166569b51940554a142"	"wog:claim:sit:black-from-mouth"	"node-support"	"{""status"":""not-applicable""}"	"0"	"{""status"":""present"",""value"":""story:e4b036101a7a:s45""}"	"2031"	"2036"
"3480df7007cb6dcab43d3f725cfd83820c3b42d523253166569b51940554a142"	"wog:claim:sit:black-from-mouth"	"claim-evidence"	"{""status"":""present"",""value"":0}"	"0"	"{""status"":""present"",""value"":""story:e4b036101a7a:s45""}"	"2021"	"2090"
"3480df7007cb6dcab43d3f725cfd83820c3b42d523253166569b51940554a142"	"wog:claim:sit:blood-from-anus"	"node-support"	"{""status"":""not-applicable""}"	"0"	"{""status"":""present"",""value"":""story:e4b036101a7a:s45""}"	"2063"	"2068"
"3480df7007cb6dcab43d3f725cfd83820c3b42d523253166569b51940554a142"	"wog:claim:sit:blood-from-anus"	"claim-evidence"	"{""status"":""present"",""value"":0}"	"0"	"{""status"":""present"",""value"":""story:e4b036101a7a:s45""}"	"2021"	"2090"
"3480df7007cb6dcab43d3f725cfd83820c3b42d523253166569b51940554a142"	"wog:claim:sit:canoe-lands"	"node-support"	"{""status"":""not-applicable""}"	"0"	"{""status"":""present"",""value"":""story:e4b036101a7a:s35""}"	"1545"	"1551"
"3480df7007cb6dcab43d3f725cfd83820c3b42d523253166569b51940554a142"	"wog:claim:sit:canoe-lands"	"claim-evidence"	"{""status"":""present"",""value"":0}"	"0"	"{""status"":""present"",""value"":""story:e4b036101a7a:s35""}"	"1535"	"1581"
"3480df7007cb6dcab43d3f725cfd83820c3b42d523253166569b51940554a142"	"wog:claim:sit:canoes-come-up"	"node-support"	"{""status"":""not-applicable""}"	"0"	"{""status"":""present"",""value"":""story:e4b036101a7a:s7""}"	"279"	"283"
"3480df7007cb6dcab43d3f725cfd83820c3b42d523253166569b51940554a142"	"wog:claim:sit:canoes-come-up"	"claim-evidence"	"{""status"":""present"",""value"":0}"	"0"	"{""status"":""present"",""value"":""story:e4b036101a7a:s7""}"	"268"	"323"
"3480df7007cb6dcab43d3f725cfd83820c3b42d523253166569b51940554a142"	"wog:claim:sit:carry-into-canoe"	"node-support"	"{""status"":""not-applicable""}"	"0"	"{""status"":""present"",""value"":""story:e4b036101a7a:s28""}"	"1233"	"1240"
"3480df7007cb6dcab43d3f725cfd83820c3b42d523253166569b51940554a142"	"wog:claim:sit:carry-into-canoe"	"claim-evidence"	"{""status"":""present"",""value"":0}"	"0"	"{""status"":""present"",""value"":""story:e4b036101a7a:s28""}"	"1194"	"1281"
"3480df7007cb6dcab43d3f725cfd83820c3b42d523253166569b51940554a142"	"wog:claim:sit:dead"	"node-support"	"{""status"":""not-applicable""}"	"0"	"{""status"":""present"",""value"":""story:e4b036101a7a:s47""}"	"2118"	"2130"
"3480df7007cb6dcab43d3f725cfd83820c3b42d523253166569b51940554a142"	"wog:claim:sit:dead"	"node-support"	"{""status"":""not-applicable""}"	"1"	"{""status"":""present"",""value"":""story:e4b036101a7a:s49""}"	"2163"	"2180"
"3480df7007cb6dcab43d3f725cfd83820c3b42d523253166569b51940554a142"	"wog:claim:sit:dead"	"claim-evidence"	"{""status"":""present"",""value"":0}"	"0"	"{""status"":""present"",""value"":""story:e4b036101a7a:s47""}"	"2118"	"2130"
"3480df7007cb6dcab43d3f725cfd83820c3b42d523253166569b51940554a142"	"wog:claim:sit:dead"	"claim-evidence"	"{""status"":""present"",""value"":0}"	"1"	"{""status"":""present"",""value"":""story:e4b036101a7a:s49""}"	"2163"	"2180"
"3480df7007cb6dcab43d3f725cfd83820c3b42d523253166569b51940554a142"	"wog:claim:sit:down-river"	"node-support"	"{""status"":""not-applicable""}"	"0"	"{""status"":""present"",""value"":""story:e4b036101a7a:s2""}"	"73"	"98"
"3480df7007cb6dcab43d3f725cfd83820c3b42d523253166569b51940554a142"	"wog:claim:sit:down-river"	"claim-evidence"	"{""status"":""present"",""value"":0}"	"0"	"{""status"":""present"",""value"":""story:e4b036101a7a:s2""}"	"73"	"98"
"3480df7007cb6dcab43d3f725cfd83820c3b42d523253166569b51940554a142"	"wog:claim:sit:enemy-come-to-water"	"node-support"	"{""status"":""not-applicable""}"	"0"	"{""status"":""present"",""value"":""story:e4b036101a7a:s26""}"	"1110"	"1114"
"3480df7007cb6dcab43d3f725cfd83820c3b42d523253166569b51940554a142"	"wog:claim:sit:enemy-come-to-water"	"claim-evidence"	"{""status"":""present"",""value"":0}"	"0"	"{""status"":""present"",""value"":""story:e4b036101a7a:s26""}"	"1099"	"1157"
"3480df7007cb6dcab43d3f725cfd83820c3b42d523253166569b51940554a142"	"wog:claim:sit:face-contorted"	"node-support"	"{""status"":""not-applicable""}"	"0"	"{""status"":""present"",""value"":""story:e4b036101a7a:s46""}"	"2091"	"2117"
"3480df7007cb6dcab43d3f725cfd83820c3b42d523253166569b51940554a142"	"wog:claim:sit:face-contorted"	"claim-evidence"	"{""status"":""present"",""value"":0}"	"0"	"{""status"":""present"",""value"":""story:e4b036101a7a:s46""}"	"2091"	"2117"
"3480df7007cb6dcab43d3f725cfd83820c3b42d523253166569b51940554a142"	"wog:claim:sit:falls-down"	"node-support"	"{""status"":""not-applicable""}"	"0"	"{""status"":""present"",""value"":""story:e4b036101a7a:s44""}"	"2010"	"2014"
"3480df7007cb6dcab43d3f725cfd83820c3b42d523253166569b51940554a142"	"wog:claim:sit:falls-down"	"claim-evidence"	"{""status"":""present"",""value"":0}"	"0"	"{""status"":""present"",""value"":""story:e4b036101a7a:s44""}"	"1988"	"2020"
"3480df7007cb6dcab43d3f725cfd83820c3b42d523253166569b51940554a142"	"wog:claim:sit:fellow-shot"	"node-support"	"{""status"":""not-applicable""}"	"0"	"{""status"":""present"",""value"":""story:e4b036101a7a:s28""}"	"1222"	"1226"
"3480df7007cb6dcab43d3f725cfd83820c3b42d523253166569b51940554a142"	"wog:claim:sit:fellow-shot"	"claim-evidence"	"{""status"":""present"",""value"":0}"	"0"	"{""status"":""present"",""value"":""story:e4b036101a7a:s28""}"	"1194"	"1281"
"3480df7007cb6dcab43d3f725cfd83820c3b42d523253166569b51940554a142"	"wog:claim:sit:five-men-in-canoe"	"node-support"	"{""status"":""not-applicable""}"	"0"	"{""status"":""present"",""value"":""story:e4b036101a7a:s9""}"	"397"	"430"
"3480df7007cb6dcab43d3f725cfd83820c3b42d523253166569b51940554a142"	"wog:claim:sit:five-men-in-canoe"	"claim-evidence"	"{""status"":""present"",""value"":0}"	"0"	"{""status"":""present"",""value"":""story:e4b036101a7a:s9""}"	"397"	"430"
"3480df7007cb6dcab43d3f725cfd83820c3b42d523253166569b51940554a142"	"wog:claim:sit:fog-calm"	"node-support"	"{""status"":""not-applicable""}"	"0"	"{""status"":""present"",""value"":""story:e4b036101a7a:s3""}"	"99"	"124"
"3480df7007cb6dcab43d3f725cfd83820c3b42d523253166569b51940554a142"	"wog:claim:sit:fog-calm"	"claim-evidence"	"{""status"":""present"",""value"":0}"	"0"	"{""status"":""present"",""value"":""story:e4b036101a7a:s3""}"	"99"	"124"
"3480df7007cb6dcab43d3f725cfd83820c3b42d523253166569b51940554a142"	"wog:claim:sit:hear-paddles"	"node-support"	"{""status"":""not-applicable""}"	"0"	"{""status"":""present"",""value"":""story:e4b036101a7a:s7""}"	"296"	"301"
"3480df7007cb6dcab43d3f725cfd83820c3b42d523253166569b51940554a142"	"wog:claim:sit:hear-paddles"	"claim-evidence"	"{""status"":""present"",""value"":0}"	"0"	"{""status"":""present"",""value"":""story:e4b036101a7a:s7""}"	"268"	"323"
"3480df7007cb6dcab43d3f725cfd83820c3b42d523253166569b51940554a142"	"wog:claim:sit:hear-war-cries"	"node-support"	"{""status"":""not-applicable""}"	"0"	"{""status"":""present"",""value"":""story:e4b036101a7a:s4""}"	"125"	"171"
"3480df7007cb6dcab43d3f725cfd83820c3b42d523253166569b51940554a142"	"wog:claim:sit:hear-war-cries"	"claim-evidence"	"{""status"":""present"",""value"":0}"	"0"	"{""status"":""present"",""value"":""story:e4b036101a7a:s4""}"	"125"	"171"
"3480df7007cb6dcab43d3f725cfd83820c3b42d523253166569b51940554a142"	"wog:claim:sit:hide"	"node-support"	"{""status"":""not-applicable""}"	"0"	"{""status"":""present"",""value"":""story:e4b036101a7a:s6""}"	"216"	"267"
"3480df7007cb6dcab43d3f725cfd83820c3b42d523253166569b51940554a142"	"wog:claim:sit:hide"	"claim-evidence"	"{""status"":""present"",""value"":0}"	"0"	"{""status"":""present"",""value"":""story:e4b036101a7a:s6""}"	"216"	"267"
"3480df7007cb6dcab43d3f725cfd83820c3b42d523253166569b51940554a142"	"wog:claim:sit:hunt-seals"	"node-support"	"{""status"":""not-applicable""}"	"0"	"{""status"":""present"",""value"":""story:e4b036101a7a:s1""}"	"29"	"72"
"3480df7007cb6dcab43d3f725cfd83820c3b42d523253166569b51940554a142"	"wog:claim:sit:hunt-seals"	"claim-evidence"	"{""status"":""present"",""value"":0}"	"0"	"{""status"":""present"",""value"":""story:e4b036101a7a:s1""}"	"29"	"72"
"3480df7007cb6dcab43d3f725cfd83820c3b42d523253166569b51940554a142"	"wog:claim:sit:i-did-not-feel-sick"	"node-support"	"{""status"":""not-applicable""}"	"0"	"{""status"":""present"",""value"":""story:e4b036101a7a:s41""}"	"1889"	"1893"
"3480df7007cb6dcab43d3f725cfd83820c3b42d523253166569b51940554a142"	"wog:claim:sit:i-did-not-feel-sick"	"claim-evidence"	"{""status"":""present"",""value"":0}"	"0"	"{""status"":""present"",""value"":""story:e4b036101a7a:s41""}"	"1848"	"1900"
"3480df7007cb6dcab43d3f725cfd83820c3b42d523253166569b51940554a142"	"wog:claim:sit:i-was-shot"	"node-support"	"{""status"":""not-applicable""}"	"0"	"{""status"":""present"",""value"":""story:e4b036101a7a:s41""}"	"1869"	"1873"
"3480df7007cb6dcab43d3f725cfd83820c3b42d523253166569b51940554a142"	"wog:claim:sit:i-was-shot"	"claim-evidence"	"{""status"":""present"",""value"":0}"	"0"	"{""status"":""present"",""value"":""story:e4b036101a7a:s41""}"	"1848"	"1900"
"3480df7007cb6dcab43d3f725cfd83820c3b42d523253166569b51940554a142"	"wog:claim:sit:lack-arrows"	"node-support"	"{""status"":""not-applicable""}"	"0"	"{""status"":""present"",""value"":""story:e4b036101a7a:s13""}"	"590"	"596"
"3480df7007cb6dcab43d3f725cfd83820c3b42d523253166569b51940554a142"	"wog:claim:sit:lack-arrows"	"claim-evidence"	"{""status"":""present"",""value"":0}"	"0"	"{""status"":""present"",""value"":""story:e4b036101a7a:s13""}"	"552"	"598"
"3480df7007cb6dcab43d3f725cfd83820c3b42d523253166569b51940554a142"	"wog:claim:sit:let-us-go-home"	"node-support"	"{""status"":""not-applicable""}"	"0"	"{""status"":""present"",""value"":""story:e4b036101a7a:s30""}"	"1355"	"1357"
"3480df7007cb6dcab43d3f725cfd83820c3b42d523253166569b51940554a142"	"wog:claim:sit:let-us-go-home"	"claim-evidence"	"{""status"":""present"",""value"":0}"	"0"	"{""status"":""present"",""value"":""story:e4b036101a7a:s30""}"	"1318"	"1391"
"3480df7007cb6dcab43d3f725cfd83820c3b42d523253166569b51940554a142"	"wog:claim:sit:make-fire"	"node-support"	"{""status"":""not-applicable""}"	"0"	"{""status"":""present"",""value"":""story:e4b036101a7a:s37""}"	"1642"	"1646"
"3480df7007cb6dcab43d3f725cfd83820c3b42d523253166569b51940554a142"	"wog:claim:sit:make-fire"	"claim-evidence"	"{""status"":""present"",""value"":0}"	"0"	"{""status"":""present"",""value"":""story:e4b036101a7a:s37""}"	"1614"	"1654"
"3480df7007cb6dcab43d3f725cfd83820c3b42d523253166569b51940554a142"	"wog:claim:sit:many-enemy-killed"	"node-support"	"{""status"":""not-applicable""}"	"0"	"{""status"":""present"",""value"":""story:e4b036101a7a:s40""}"	"1840"	"1846"
"3480df7007cb6dcab43d3f725cfd83820c3b42d523253166569b51940554a142"	"wog:claim:sit:many-enemy-killed"	"claim-evidence"	"{""status"":""present"",""value"":0}"	"0"	"{""status"":""present"",""value"":""story:e4b036101a7a:s40""}"	"1766"	"1847"
"3480df7007cb6dcab43d3f725cfd83820c3b42d523253166569b51940554a142"	"wog:claim:sit:many-fellows-killed"	"node-support"	"{""status"":""not-applicable""}"	"0"	"{""status"":""present"",""value"":""story:e4b036101a7a:s40""}"	"1791"	"1797"
"3480df7007cb6dcab43d3f725cfd83820c3b42d523253166569b51940554a142"	"wog:claim:sit:many-fellows-killed"	"claim-evidence"	"{""status"":""present"",""value"":0}"	"0"	"{""status"":""present"",""value"":""story:e4b036101a7a:s40""}"	"1766"	"1847"
"3480df7007cb6dcab43d3f725cfd83820c3b42d523253166569b51940554a142"	"wog:claim:sit:might-be-killed"	"node-support"	"{""status"":""not-applicable""}"	"0"	"{""status"":""present"",""value"":""story:e4b036101a7a:s15""}"	"677"	"683"
"3480df7007cb6dcab43d3f725cfd83820c3b42d523253166569b51940554a142"	"wog:claim:sit:might-be-killed"	"claim-evidence"	"{""status"":""present"",""value"":0}"	"0"	"{""status"":""present"",""value"":""story:e4b036101a7a:s15""}"	"626"	"684"
"3480df7007cb6dcab43d3f725cfd83820c3b42d523253166569b51940554a142"	"wog:claim:sit:nearly-daylight"	"node-support"	"{""status"":""not-applicable""}"	"0"	"{""status"":""present"",""value"":""story:e4b036101a7a:s43""}"	"1943"	"1987"
"3480df7007cb6dcab43d3f725cfd83820c3b42d523253166569b51940554a142"	"wog:claim:sit:nearly-daylight"	"claim-evidence"	"{""status"":""present"",""value"":0}"	"0"	"{""status"":""present"",""value"":""story:e4b036101a7a:s43""}"	"1943"	"1987"
"3480df7007cb6dcab43d3f725cfd83820c3b42d523253166569b51940554a142"	"wog:claim:sit:not-feel-sick"	"node-support"	"{""status"":""not-applicable""}"	"0"	"{""status"":""present"",""value"":""story:e4b036101a7a:s32""}"	"1431"	"1483"
"3480df7007cb6dcab43d3f725cfd83820c3b42d523253166569b51940554a142"	"wog:claim:sit:not-feel-sick"	"claim-evidence"	"{""status"":""present"",""value"":0}"	"0"	"{""status"":""present"",""value"":""story:e4b036101a7a:s32""}"	"1431"	"1483"
"3480df7007cb6dcab43d3f725cfd83820c3b42d523253166569b51940554a142"	"wog:claim:sit:not-go-along"	"node-support"	"{""status"":""not-applicable""}"	"0"	"{""status"":""present"",""value"":""story:e4b036101a7a:s15""}"	"656"	"658"
"3480df7007cb6dcab43d3f725cfd83820c3b42d523253166569b51940554a142"	"wog:claim:sit:not-go-along"	"claim-evidence"	"{""status"":""present"",""value"":0}"	"0"	"{""status"":""present"",""value"":""story:e4b036101a7a:s15""}"	"626"	"684"
"3480df7007cb6dcab43d3f725cfd83820c3b42d523253166569b51940554a142"	"wog:claim:sit:people-at-egulac"	"node-support"	"{""status"":""not-applicable""}"	"0"	"{""status"":""present"",""value"":""story:e4b036101a7a:s0""}"	"0"	"28"
"3480df7007cb6dcab43d3f725cfd83820c3b42d523253166569b51940554a142"	"wog:claim:sit:people-at-egulac"	"claim-evidence"	"{""status"":""present"",""value"":0}"	"0"	"{""status"":""present"",""value"":""story:e4b036101a7a:s0""}"	"0"	"28"
"3480df7007cb6dcab43d3f725cfd83820c3b42d523253166569b51940554a142"	"wog:claim:sit:people-cry"	"node-support"	"{""status"":""not-applicable""}"	"0"	"{""status"":""present"",""value"":""story:e4b036101a7a:s48""}"	"2131"	"2162"
"3480df7007cb6dcab43d3f725cfd83820c3b42d523253166569b51940554a142"	"wog:claim:sit:people-cry"	"claim-evidence"	"{""status"":""present"",""value"":0}"	"0"	"{""status"":""present"",""value"":""story:e4b036101a7a:s48""}"	"2131"	"2162"
"3480df7007cb6dcab43d3f725cfd83820c3b42d523253166569b51940554a142"	"wog:claim:sit:recounting"	"node-support"	"{""status"":""not-applicable""}"	"0"	"{""status"":""present"",""value"":""story:e4b036101a7a:s38""}"	"1658"	"1662"
"3480df7007cb6dcab43d3f725cfd83820c3b42d523253166569b51940554a142"	"wog:claim:sit:recounting"	"node-support"	"{""status"":""not-applicable""}"	"1"	"{""status"":""present"",""value"":""story:e4b036101a7a:s42""}"	"1901"	"1942"
"3480df7007cb6dcab43d3f725cfd83820c3b42d523253166569b51940554a142"	"wog:claim:sit:recounting"	"claim-evidence"	"{""status"":""present"",""value"":0}"	"0"	"{""status"":""present"",""value"":""story:e4b036101a7a:s38""}"	"1655"	"1723"
"3480df7007cb6dcab43d3f725cfd83820c3b42d523253166569b51940554a142"	"wog:claim:sit:recounting"	"claim-evidence"	"{""status"":""present"",""value"":0}"	"1"	"{""status"":""present"",""value"":""story:e4b036101a7a:s42""}"	"1901"	"1942"
"3480df7007cb6dcab43d3f725cfd83820c3b42d523253166569b51940554a142"	"wog:claim:sit:relative-left-me"	"node-support"	"{""status"":""not-applicable""}"	"0"	"{""status"":""present"",""value"":""story:e4b036101a7a:s21""}"	"904"	"908"
"3480df7007cb6dcab43d3f725cfd83820c3b42d523253166569b51940554a142"	"wog:claim:sit:relative-left-me"	"claim-evidence"	"{""status"":""present"",""value"":0}"	"0"	"{""status"":""present"",""value"":""story:e4b036101a7a:s21""}"	"857"	"912"
"3480df7007cb6dcab43d3f725cfd83820c3b42d523253166569b51940554a142"	"wog:claim:sit:relatives-not-know"	"node-support"	"{""status"":""not-applicable""}"	"0"	"{""status"":""present"",""value"":""story:e4b036101a7a:s16""}"	"685"	"728"
"3480df7007cb6dcab43d3f725cfd83820c3b42d523253166569b51940554a142"	"wog:claim:sit:relatives-not-know"	"claim-evidence"	"{""status"":""present"",""value"":0}"	"0"	"{""status"":""present"",""value"":""story:e4b036101a7a:s16""}"	"685"	"728"
"3480df7007cb6dcab43d3f725cfd83820c3b42d523253166569b51940554a142"	"wog:claim:sit:reported-shot"	"node-support"	"{""status"":""not-applicable""}"	"0"	"{""status"":""present"",""value"":""story:e4b036101a7a:s30""}"	"1385"	"1389"
"3480df7007cb6dcab43d3f725cfd83820c3b42d523253166569b51940554a142"	"wog:claim:sit:reported-shot"	"node-support"	"{""status"":""not-applicable""}"	"1"	"{""status"":""present"",""value"":""story:e4b036101a7a:s32""}"	"1431"	"1483"
"3480df7007cb6dcab43d3f725cfd83820c3b42d523253166569b51940554a142"	"wog:claim:sit:reported-shot"	"claim-evidence"	"{""status"":""present"",""value"":0}"	"0"	"{""status"":""present"",""value"":""story:e4b036101a7a:s30""}"	"1318"	"1391"
"3480df7007cb6dcab43d3f725cfd83820c3b42d523253166569b51940554a142"	"wog:claim:sit:reported-shot"	"claim-evidence"	"{""status"":""present"",""value"":0}"	"1"	"{""status"":""present"",""value"":""story:e4b036101a7a:s32""}"	"1431"	"1483"
"3480df7007cb6dcab43d3f725cfd83820c3b42d523253166569b51940554a142"	"wog:claim:sit:see-canoe"	"node-support"	"{""status"":""not-applicable""}"	"0"	"{""status"":""present"",""value"":""story:e4b036101a7a:s8""}"	"324"	"396"
"3480df7007cb6dcab43d3f725cfd83820c3b42d523253166569b51940554a142"	"wog:claim:sit:see-canoe"	"claim-evidence"	"{""status"":""present"",""value"":0}"	"0"	"{""status"":""present"",""value"":""story:e4b036101a7a:s8""}"	"324"	"396"
"3480df7007cb6dcab43d3f725cfd83820c3b42d523253166569b51940554a142"	"wog:claim:sit:sun-rises"	"node-support"	"{""status"":""not-applicable""}"	"0"	"{""status"":""present"",""value"":""story:e4b036101a7a:s44""}"	"2001"	"2005"
"3480df7007cb6dcab43d3f725cfd83820c3b42d523253166569b51940554a142"	"wog:claim:sit:sun-rises"	"claim-evidence"	"{""status"":""present"",""value"":0}"	"0"	"{""status"":""present"",""value"":""story:e4b036101a7a:s44""}"	"1988"	"2020"
"3480df7007cb6dcab43d3f725cfd83820c3b42d523253166569b51940554a142"	"wog:claim:sit:talk-in-canoe"	"node-support"	"{""status"":""not-applicable""}"	"0"	"{""status"":""present"",""value"":""story:e4b036101a7a:s24""}"	"1008"	"1048"
"3480df7007cb6dcab43d3f725cfd83820c3b42d523253166569b51940554a142"	"wog:claim:sit:talk-in-canoe"	"claim-evidence"	"{""status"":""present"",""value"":0}"	"0"	"{""status"":""present"",""value"":""story:e4b036101a7a:s24""}"	"1008"	"1048"
"3480df7007cb6dcab43d3f725cfd83820c3b42d523253166569b51940554a142"	"wog:claim:sit:they-said-shot"	"node-support"	"{""status"":""not-applicable""}"	"0"	"{""status"":""present"",""value"":""story:e4b036101a7a:s41""}"	"1853"	"1857"
"3480df7007cb6dcab43d3f725cfd83820c3b42d523253166569b51940554a142"	"wog:claim:sit:they-said-shot"	"claim-evidence"	"{""status"":""present"",""value"":0}"	"0"	"{""status"":""present"",""value"":""story:e4b036101a7a:s41""}"	"1848"	"1900"
"3480df7007cb6dcab43d3f725cfd83820c3b42d523253166569b51940554a142"	"wog:claim:sit:think-war-party"	"node-support"	"{""status"":""not-applicable""}"	"0"	"{""status"":""present"",""value"":""story:e4b036101a7a:s5""}"	"177"	"184"
"3480df7007cb6dcab43d3f725cfd83820c3b42d523253166569b51940554a142"	"wog:claim:sit:think-war-party"	"claim-evidence"	"{""status"":""present"",""value"":0}"	"0"	"{""status"":""present"",""value"":""story:e4b036101a7a:s5""}"	"172"	"215"
"3480df7007cb6dcab43d3f725cfd83820c3b42d523253166569b51940554a142"	"wog:claim:sit:war-party-present"	"node-support"	"{""status"":""not-applicable""}"	"0"	"{""status"":""present"",""value"":""story:e4b036101a7a:s5""}"	"208"	"213"
"3480df7007cb6dcab43d3f725cfd83820c3b42d523253166569b51940554a142"	"wog:claim:sit:war-party-present"	"claim-evidence"	"{""status"":""present"",""value"":0}"	"0"	"{""status"":""present"",""value"":""story:e4b036101a7a:s5""}"	"172"	"215"
"3480df7007cb6dcab43d3f725cfd83820c3b42d523253166569b51940554a142"	"wog:claim:sit:warriors-are-ghosts"	"node-support"	"{""status"":""not-applicable""}"	"0"	"{""status"":""present"",""value"":""story:e4b036101a7a:s31""}"	"1422"	"1428"
"3480df7007cb6dcab43d3f725cfd83820c3b42d523253166569b51940554a142"	"wog:claim:sit:warriors-are-ghosts"	"claim-evidence"	"{""status"":""present"",""value"":0}"	"0"	"{""status"":""present"",""value"":""story:e4b036101a7a:s31""}"	"1392"	"1430"
"3480df7007cb6dcab43d3f725cfd83820c3b42d523253166569b51940554a142"	"wog:claim:sit:warriors-are-people"	"node-support"	"{""status"":""not-applicable""}"	"0"	"{""status"":""present"",""value"":""story:e4b036101a7a:s27""}"	"1186"	"1192"
"3480df7007cb6dcab43d3f725cfd83820c3b42d523253166569b51940554a142"	"wog:claim:sit:warriors-are-people"	"claim-evidence"	"{""status"":""present"",""value"":0}"	"0"	"{""status"":""present"",""value"":""story:e4b036101a7a:s27""}"	"1158"	"1193"
"3480df7007cb6dcab43d3f725cfd83820c3b42d523253166569b51940554a142"	"wog:claim:sit:warriors-down-river"	"node-support"	"{""status"":""not-applicable""}"	"0"	"{""status"":""present"",""value"":""story:e4b036101a7a:s36""}"	"1582"	"1613"
"3480df7007cb6dcab43d3f725cfd83820c3b42d523253166569b51940554a142"	"wog:claim:sit:warriors-down-river"	"claim-evidence"	"{""status"":""present"",""value"":0}"	"0"	"{""status"":""present"",""value"":""story:e4b036101a7a:s36""}"	"1582"	"1613"
"3480df7007cb6dcab43d3f725cfd83820c3b42d523253166569b51940554a142"	"wog:claim:sit:warriors-go"	"node-support"	"{""status"":""not-applicable""}"	"0"	"{""status"":""present"",""value"":""story:e4b036101a7a:s23""}"	"984"	"1007"
"3480df7007cb6dcab43d3f725cfd83820c3b42d523253166569b51940554a142"	"wog:claim:sit:warriors-go"	"claim-evidence"	"{""status"":""present"",""value"":0}"	"0"	"{""status"":""present"",""value"":""story:e4b036101a7a:s23""}"	"984"	"1007"
"3480df7007cb6dcab43d3f725cfd83820c3b42d523253166569b51940554a142"	"wog:claim:sit:warriors-go-home"	"node-support"	"{""status"":""not-applicable""}"	"0"	"{""status"":""present"",""value"":""story:e4b036101a7a:s33""}"	"1484"	"1510"
"3480df7007cb6dcab43d3f725cfd83820c3b42d523253166569b51940554a142"	"wog:claim:sit:warriors-go-home"	"claim-evidence"	"{""status"":""present"",""value"":0}"	"0"	"{""status"":""present"",""value"":""story:e4b036101a7a:s33""}"	"1484"	"1510"
"3480df7007cb6dcab43d3f725cfd83820c3b42d523253166569b51940554a142"	"wog:claim:sit:warriors-say-arrows"	"node-support"	"{""status"":""not-applicable""}"	"0"	"{""status"":""present"",""value"":""story:e4b036101a7a:s14""}"	"599"	"625"
"3480df7007cb6dcab43d3f725cfd83820c3b42d523253166569b51940554a142"	"wog:claim:sit:warriors-say-arrows"	"claim-evidence"	"{""status"":""present"",""value"":0}"	"0"	"{""status"":""present"",""value"":""story:e4b036101a7a:s14""}"	"599"	"625"
"3480df7007cb6dcab43d3f725cfd83820c3b42d523253166569b51940554a142"	"wog:claim:sit:warriors-say-go-home"	"node-support"	"{""status"":""not-applicable""}"	"0"	"{""status"":""present"",""value"":""story:e4b036101a7a:s30""}"	"1334"	"1338"
"3480df7007cb6dcab43d3f725cfd83820c3b42d523253166569b51940554a142"	"wog:claim:sit:warriors-say-go-home"	"node-support"	"{""status"":""not-applicable""}"	"1"	"{""status"":""present"",""value"":""story:e4b036101a7a:s32""}"	"1431"	"1483"
"3480df7007cb6dcab43d3f725cfd83820c3b42d523253166569b51940554a142"	"wog:claim:sit:warriors-say-go-home"	"claim-evidence"	"{""status"":""present"",""value"":0}"	"0"	"{""status"":""present"",""value"":""story:e4b036101a7a:s30""}"	"1318"	"1391"
"3480df7007cb6dcab43d3f725cfd83820c3b42d523253166569b51940554a142"	"wog:claim:sit:warriors-say-go-home"	"claim-evidence"	"{""status"":""present"",""value"":0}"	"1"	"{""status"":""present"",""value"":""story:e4b036101a7a:s32""}"	"1431"	"1483"
"3480df7007cb6dcab43d3f725cfd83820c3b42d523253166569b51940554a142"	"wog:claim:sit:warriors-speak"	"node-support"	"{""status"":""not-applicable""}"	"0"	"{""status"":""present"",""value"":""story:e4b036101a7a:s10""}"	"436"	"441"
"3480df7007cb6dcab43d3f725cfd83820c3b42d523253166569b51940554a142"	"wog:claim:sit:warriors-speak"	"claim-evidence"	"{""status"":""present"",""value"":0}"	"0"	"{""status"":""present"",""value"":""story:e4b036101a7a:s10""}"	"431"	"470"
"3480df7007cb6dcab43d3f725cfd83820c3b42d523253166569b51940554a142"	"wog:claim:sit:we-fought"	"node-support"	"{""status"":""not-applicable""}"	"0"	"{""status"":""present"",""value"":""story:e4b036101a7a:s39""}"	"1724"	"1765"
"3480df7007cb6dcab43d3f725cfd83820c3b42d523253166569b51940554a142"	"wog:claim:sit:we-fought"	"claim-evidence"	"{""status"":""present"",""value"":0}"	"0"	"{""status"":""present"",""value"":""story:e4b036101a7a:s39""}"	"1724"	"1765"
"3480df7007cb6dcab43d3f725cfd83820c3b42d523253166569b51940554a142"	"wog:claim:sit:wish-take-along"	"node-support"	"{""status"":""not-applicable""}"	"0"	"{""status"":""present"",""value"":""story:e4b036101a7a:s11""}"	"471"	"497"
"3480df7007cb6dcab43d3f725cfd83820c3b42d523253166569b51940554a142"	"wog:claim:sit:wish-take-along"	"claim-evidence"	"{""status"":""present"",""value"":0}"	"0"	"{""status"":""present"",""value"":""story:e4b036101a7a:s11""}"	"471"	"497"
"3480df7007cb6dcab43d3f725cfd83820c3b42d523253166569b51940554a142"	"wog:claim:sit:ym1-declines"	"node-support"	"{""status"":""not-applicable""}"	"0"	"{""status"":""present"",""value"":""story:e4b036101a7a:s15""}"	"638"	"642"
"3480df7007cb6dcab43d3f725cfd83820c3b42d523253166569b51940554a142"	"wog:claim:sit:ym1-declines"	"node-support"	"{""status"":""not-applicable""}"	"1"	"{""status"":""present"",""value"":""story:e4b036101a7a:s18""}"	"752"	"780"
"3480df7007cb6dcab43d3f725cfd83820c3b42d523253166569b51940554a142"	"wog:claim:sit:ym1-declines"	"claim-evidence"	"{""status"":""present"",""value"":0}"	"0"	"{""status"":""present"",""value"":""story:e4b036101a7a:s15""}"	"626"	"684"
"3480df7007cb6dcab43d3f725cfd83820c3b42d523253166569b51940554a142"	"wog:claim:sit:ym1-declines"	"claim-evidence"	"{""status"":""present"",""value"":0}"	"1"	"{""status"":""present"",""value"":""story:e4b036101a7a:s18""}"	"752"	"780"
"3480df7007cb6dcab43d3f725cfd83820c3b42d523253166569b51940554a142"	"wog:claim:sit:ym1-goes-home"	"node-support"	"{""status"":""not-applicable""}"	"0"	"{""status"":""present"",""value"":""story:e4b036101a7a:s20""}"	"846"	"850"
"3480df7007cb6dcab43d3f725cfd83820c3b42d523253166569b51940554a142"	"wog:claim:sit:ym1-goes-home"	"claim-evidence"	"{""status"":""present"",""value"":0}"	"0"	"{""status"":""present"",""value"":""story:e4b036101a7a:s20""}"	"807"	"856"
"3480df7007cb6dcab43d3f725cfd83820c3b42d523253166569b51940554a142"	"wog:claim:sit:ym1-reports"	"node-support"	"{""status"":""not-applicable""}"	"0"	"{""status"":""present"",""value"":""story:e4b036101a7a:s21""}"	"885"	"889"
"3480df7007cb6dcab43d3f725cfd83820c3b42d523253166569b51940554a142"	"wog:claim:sit:ym1-reports"	"claim-evidence"	"{""status"":""present"",""value"":0}"	"0"	"{""status"":""present"",""value"":""story:e4b036101a7a:s21""}"	"857"	"912"
"3480df7007cb6dcab43d3f725cfd83820c3b42d523253166569b51940554a142"	"wog:claim:sit:ym1-returns-midnight"	"node-support"	"{""status"":""not-applicable""}"	"0"	"{""status"":""present"",""value"":""story:e4b036101a7a:s21""}"	"872"	"880"
"3480df7007cb6dcab43d3f725cfd83820c3b42d523253166569b51940554a142"	"wog:claim:sit:ym1-returns-midnight"	"claim-evidence"	"{""status"":""present"",""value"":0}"	"0"	"{""status"":""present"",""value"":""story:e4b036101a7a:s21""}"	"857"	"912"
"3480df7007cb6dcab43d3f725cfd83820c3b42d523253166569b51940554a142"	"wog:claim:sit:ym1-says-no-arrows"	"node-support"	"{""status"":""not-applicable""}"	"0"	"{""status"":""present"",""value"":""story:e4b036101a7a:s13""}"	"573"	"577"
"3480df7007cb6dcab43d3f725cfd83820c3b42d523253166569b51940554a142"	"wog:claim:sit:ym1-says-no-arrows"	"claim-evidence"	"{""status"":""present"",""value"":0}"	"0"	"{""status"":""present"",""value"":""story:e4b036101a7a:s13""}"	"552"	"598"
"3480df7007cb6dcab43d3f725cfd83820c3b42d523253166569b51940554a142"	"wog:claim:sit:ym2-accompanies"	"node-support"	"{""status"":""not-applicable""}"	"0"	"{""status"":""present"",""value"":""story:e4b036101a7a:s19""}"	"781"	"806"
"3480df7007cb6dcab43d3f725cfd83820c3b42d523253166569b51940554a142"	"wog:claim:sit:ym2-accompanies"	"claim-evidence"	"{""status"":""present"",""value"":0}"	"0"	"{""status"":""present"",""value"":""story:e4b036101a7a:s19""}"	"781"	"806"
"3480df7007cb6dcab43d3f725cfd83820c3b42d523253166569b51940554a142"	"wog:claim:sit:ym2-ashore"	"node-support"	"{""status"":""not-applicable""}"	"0"	"{""status"":""present"",""value"":""story:e4b036101a7a:s35""}"	"1574"	"1580"
"3480df7007cb6dcab43d3f725cfd83820c3b42d523253166569b51940554a142"	"wog:claim:sit:ym2-ashore"	"claim-evidence"	"{""status"":""present"",""value"":0}"	"0"	"{""status"":""present"",""value"":""story:e4b036101a7a:s35""}"	"1535"	"1581"
"3480df7007cb6dcab43d3f725cfd83820c3b42d523253166569b51940554a142"	"wog:claim:sit:ym2-concludes-ghosts"	"node-support"	"{""status"":""not-applicable""}"	"0"	"{""status"":""present"",""value"":""story:e4b036101a7a:s31""}"	"1399"	"1406"
"3480df7007cb6dcab43d3f725cfd83820c3b42d523253166569b51940554a142"	"wog:claim:sit:ym2-concludes-ghosts"	"claim-evidence"	"{""status"":""present"",""value"":0}"	"0"	"{""status"":""present"",""value"":""story:e4b036101a7a:s31""}"	"1392"	"1430"
"3480df7007cb6dcab43d3f725cfd83820c3b42d523253166569b51940554a142"	"wog:claim:sit:ym2-enters-canoe"	"node-support"	"{""status"":""not-applicable""}"	"0"	"{""status"":""present"",""value"":""story:e4b036101a7a:s20""}"	"810"	"814"
"3480df7007cb6dcab43d3f725cfd83820c3b42d523253166569b51940554a142"	"wog:claim:sit:ym2-enters-canoe"	"claim-evidence"	"{""status"":""present"",""value"":0}"	"0"	"{""status"":""present"",""value"":""story:e4b036101a7a:s20""}"	"807"	"856"
"3480df7007cb6dcab43d3f725cfd83820c3b42d523253166569b51940554a142"	"wog:claim:sit:ym2-injured"	"node-support"	"{""status"":""not-applicable""}"	"0"	"{""status"":""present"",""value"":""story:e4b036101a7a:s30""}"	"1385"	"1389"
"3480df7007cb6dcab43d3f725cfd83820c3b42d523253166569b51940554a142"	"wog:claim:sit:ym2-injured"	"node-support"	"{""status"":""not-applicable""}"	"1"	"{""status"":""present"",""value"":""story:e4b036101a7a:s32""}"	"1431"	"1483"
"3480df7007cb6dcab43d3f725cfd83820c3b42d523253166569b51940554a142"	"wog:claim:sit:ym2-injured"	"claim-evidence"	"{""status"":""present"",""value"":0}"	"0"	"{""status"":""present"",""value"":""story:e4b036101a7a:s30""}"	"1318"	"1391"
"3480df7007cb6dcab43d3f725cfd83820c3b42d523253166569b51940554a142"	"wog:claim:sit:ym2-injured"	"claim-evidence"	"{""status"":""present"",""value"":0}"	"1"	"{""status"":""present"",""value"":""story:e4b036101a7a:s32""}"	"1431"	"1483"
"3480df7007cb6dcab43d3f725cfd83820c3b42d523253166569b51940554a142"	"wog:claim:sit:ym2-thinks-people"	"node-support"	"{""status"":""not-applicable""}"	"0"	"{""status"":""present"",""value"":""story:e4b036101a7a:s27""}"	"1161"	"1168"
"3480df7007cb6dcab43d3f725cfd83820c3b42d523253166569b51940554a142"	"wog:claim:sit:ym2-thinks-people"	"claim-evidence"	"{""status"":""present"",""value"":0}"	"0"	"{""status"":""present"",""value"":""story:e4b036101a7a:s27""}"	"1158"	"1193"
"3480df7007cb6dcab43d3f725cfd83820c3b42d523253166569b51940554a142"	"wog:claim:sit:ym2-to-house"	"node-support"	"{""status"":""not-applicable""}"	"0"	"{""status"":""present"",""value"":""story:e4b036101a7a:s37""}"	"1617"	"1621"
"3480df7007cb6dcab43d3f725cfd83820c3b42d523253166569b51940554a142"	"wog:claim:sit:ym2-to-house"	"claim-evidence"	"{""status"":""present"",""value"":0}"	"0"	"{""status"":""present"",""value"":""story:e4b036101a7a:s37""}"	"1614"	"1654"
"3480df7007cb6dcab43d3f725cfd83820c3b42d523253166569b51940554a142"	"wog:claim:sit:ym2-went-with-warriors"	"node-support"	"{""status"":""not-applicable""}"	"0"	"{""status"":""present"",""value"":""story:e4b036101a7a:s22""}"	"913"	"982"
"3480df7007cb6dcab43d3f725cfd83820c3b42d523253166569b51940554a142"	"wog:claim:sit:ym2-went-with-warriors"	"claim-evidence"	"{""status"":""present"",""value"":0}"	"0"	"{""status"":""present"",""value"":""story:e4b036101a7a:s22""}"	"913"	"982"
"3480df7007cb6dcab43d3f725cfd83820c3b42d523253166569b51940554a142"	"wog:claim:sit:you-may-go"	"node-support"	"{""status"":""not-applicable""}"	"0"	"{""status"":""present"",""value"":""story:e4b036101a7a:s17""}"	"729"	"751"
"3480df7007cb6dcab43d3f725cfd83820c3b42d523253166569b51940554a142"	"wog:claim:sit:you-may-go"	"claim-evidence"	"{""status"":""present"",""value"":0}"	"0"	"{""status"":""present"",""value"":""story:e4b036101a7a:s17""}"	"729"	"751"
"3480df7007cb6dcab43d3f725cfd83820c3b42d523253166569b51940554a142"	"wog:claim:ctx:wog:ctx:belief-ghosts"	"node-support"	"{""status"":""not-applicable""}"	"0"	"{""status"":""present"",""value"":""story:e4b036101a7a:s31""}"	"1392"	"1430"
"3480df7007cb6dcab43d3f725cfd83820c3b42d523253166569b51940554a142"	"wog:claim:ctx:wog:ctx:belief-ghosts"	"claim-evidence"	"{""status"":""present"",""value"":0}"	"0"	"{""status"":""present"",""value"":""story:e4b036101a7a:s31""}"	"1392"	"1430"
"3480df7007cb6dcab43d3f725cfd83820c3b42d523253166569b51940554a142"	"wog:claim:ctx:wog:ctx:belief-people"	"node-support"	"{""status"":""not-applicable""}"	"0"	"{""status"":""present"",""value"":""story:e4b036101a7a:s27""}"	"1158"	"1193"
"3480df7007cb6dcab43d3f725cfd83820c3b42d523253166569b51940554a142"	"wog:claim:ctx:wog:ctx:belief-people"	"claim-evidence"	"{""status"":""present"",""value"":0}"	"0"	"{""status"":""present"",""value"":""story:e4b036101a7a:s27""}"	"1158"	"1193"
"3480df7007cb6dcab43d3f725cfd83820c3b42d523253166569b51940554a142"	"wog:claim:ctx:wog:ctx:speech-warriors-1"	"node-support"	"{""status"":""not-applicable""}"	"0"	"{""status"":""present"",""value"":""story:e4b036101a7a:s10""}"	"431"	"470"
"3480df7007cb6dcab43d3f725cfd83820c3b42d523253166569b51940554a142"	"wog:claim:ctx:wog:ctx:speech-warriors-1"	"node-support"	"{""status"":""not-applicable""}"	"1"	"{""status"":""present"",""value"":""story:e4b036101a7a:s11""}"	"471"	"497"
"3480df7007cb6dcab43d3f725cfd83820c3b42d523253166569b51940554a142"	"wog:claim:ctx:wog:ctx:speech-warriors-1"	"node-support"	"{""status"":""not-applicable""}"	"2"	"{""status"":""present"",""value"":""story:e4b036101a7a:s12""}"	"498"	"551"
"3480df7007cb6dcab43d3f725cfd83820c3b42d523253166569b51940554a142"	"wog:claim:ctx:wog:ctx:speech-warriors-1"	"claim-evidence"	"{""status"":""present"",""value"":0}"	"0"	"{""status"":""present"",""value"":""story:e4b036101a7a:s10""}"	"431"	"470"
"3480df7007cb6dcab43d3f725cfd83820c3b42d523253166569b51940554a142"	"wog:claim:ctx:wog:ctx:speech-warriors-1"	"claim-evidence"	"{""status"":""present"",""value"":0}"	"1"	"{""status"":""present"",""value"":""story:e4b036101a7a:s11""}"	"471"	"497"
"3480df7007cb6dcab43d3f725cfd83820c3b42d523253166569b51940554a142"	"wog:claim:ctx:wog:ctx:speech-warriors-1"	"claim-evidence"	"{""status"":""present"",""value"":0}"	"2"	"{""status"":""present"",""value"":""story:e4b036101a7a:s12""}"	"498"	"551"
"3480df7007cb6dcab43d3f725cfd83820c3b42d523253166569b51940554a142"	"wog:claim:ctx:wog:ctx:speech-warriors-2"	"node-support"	"{""status"":""not-applicable""}"	"0"	"{""status"":""present"",""value"":""story:e4b036101a7a:s14""}"	"599"	"625"
"3480df7007cb6dcab43d3f725cfd83820c3b42d523253166569b51940554a142"	"wog:claim:ctx:wog:ctx:speech-warriors-2"	"claim-evidence"	"{""status"":""present"",""value"":0}"	"0"	"{""status"":""present"",""value"":""story:e4b036101a7a:s14""}"	"599"	"625"
"3480df7007cb6dcab43d3f725cfd83820c3b42d523253166569b51940554a142"	"wog:claim:ctx:wog:ctx:speech-warriors-3"	"node-support"	"{""status"":""not-applicable""}"	"0"	"{""status"":""present"",""value"":""story:e4b036101a7a:s30""}"	"1318"	"1391"
"3480df7007cb6dcab43d3f725cfd83820c3b42d523253166569b51940554a142"	"wog:claim:ctx:wog:ctx:speech-warriors-3"	"node-support"	"{""status"":""not-applicable""}"	"1"	"{""status"":""present"",""value"":""story:e4b036101a7a:s32""}"	"1431"	"1483"
"3480df7007cb6dcab43d3f725cfd83820c3b42d523253166569b51940554a142"	"wog:claim:ctx:wog:ctx:speech-warriors-3"	"claim-evidence"	"{""status"":""present"",""value"":0}"	"0"	"{""status"":""present"",""value"":""story:e4b036101a7a:s30""}"	"1318"	"1391"
"3480df7007cb6dcab43d3f725cfd83820c3b42d523253166569b51940554a142"	"wog:claim:ctx:wog:ctx:speech-warriors-3"	"claim-evidence"	"{""status"":""present"",""value"":0}"	"1"	"{""status"":""present"",""value"":""story:e4b036101a7a:s32""}"	"1431"	"1483"
"3480df7007cb6dcab43d3f725cfd83820c3b42d523253166569b51940554a142"	"wog:claim:ctx:wog:ctx:speech-ym1-a"	"node-support"	"{""status"":""not-applicable""}"	"0"	"{""status"":""present"",""value"":""story:e4b036101a7a:s13""}"	"552"	"598"
"3480df7007cb6dcab43d3f725cfd83820c3b42d523253166569b51940554a142"	"wog:claim:ctx:wog:ctx:speech-ym1-a"	"claim-evidence"	"{""status"":""present"",""value"":0}"	"0"	"{""status"":""present"",""value"":""story:e4b036101a7a:s13""}"	"552"	"598"
"3480df7007cb6dcab43d3f725cfd83820c3b42d523253166569b51940554a142"	"wog:claim:ctx:wog:ctx:speech-ym1-b"	"node-support"	"{""status"":""not-applicable""}"	"0"	"{""status"":""present"",""value"":""story:e4b036101a7a:s15""}"	"626"	"684"
"3480df7007cb6dcab43d3f725cfd83820c3b42d523253166569b51940554a142"	"wog:claim:ctx:wog:ctx:speech-ym1-b"	"node-support"	"{""status"":""not-applicable""}"	"1"	"{""status"":""present"",""value"":""story:e4b036101a7a:s16""}"	"685"	"728"
"3480df7007cb6dcab43d3f725cfd83820c3b42d523253166569b51940554a142"	"wog:claim:ctx:wog:ctx:speech-ym1-b"	"node-support"	"{""status"":""not-applicable""}"	"2"	"{""status"":""present"",""value"":""story:e4b036101a7a:s17""}"	"729"	"751"
"3480df7007cb6dcab43d3f725cfd83820c3b42d523253166569b51940554a142"	"wog:claim:ctx:wog:ctx:speech-ym1-b"	"claim-evidence"	"{""status"":""present"",""value"":0}"	"0"	"{""status"":""present"",""value"":""story:e4b036101a7a:s15""}"	"626"	"684"
"3480df7007cb6dcab43d3f725cfd83820c3b42d523253166569b51940554a142"	"wog:claim:ctx:wog:ctx:speech-ym1-b"	"claim-evidence"	"{""status"":""present"",""value"":0}"	"1"	"{""status"":""present"",""value"":""story:e4b036101a7a:s16""}"	"685"	"728"
"3480df7007cb6dcab43d3f725cfd83820c3b42d523253166569b51940554a142"	"wog:claim:ctx:wog:ctx:speech-ym1-b"	"claim-evidence"	"{""status"":""present"",""value"":0}"	"2"	"{""status"":""present"",""value"":""story:e4b036101a7a:s17""}"	"729"	"751"
"3480df7007cb6dcab43d3f725cfd83820c3b42d523253166569b51940554a142"	"wog:claim:ctx:wog:ctx:speech-ym1-c"	"node-support"	"{""status"":""not-applicable""}"	"0"	"{""status"":""present"",""value"":""story:e4b036101a7a:s21""}"	"857"	"912"
"3480df7007cb6dcab43d3f725cfd83820c3b42d523253166569b51940554a142"	"wog:claim:ctx:wog:ctx:speech-ym1-c"	"node-support"	"{""status"":""not-applicable""}"	"1"	"{""status"":""present"",""value"":""story:e4b036101a7a:s22""}"	"913"	"982"
"3480df7007cb6dcab43d3f725cfd83820c3b42d523253166569b51940554a142"	"wog:claim:ctx:wog:ctx:speech-ym1-c"	"claim-evidence"	"{""status"":""present"",""value"":0}"	"0"	"{""status"":""present"",""value"":""story:e4b036101a7a:s21""}"	"857"	"912"
"3480df7007cb6dcab43d3f725cfd83820c3b42d523253166569b51940554a142"	"wog:claim:ctx:wog:ctx:speech-ym1-c"	"claim-evidence"	"{""status"":""present"",""value"":0}"	"1"	"{""status"":""present"",""value"":""story:e4b036101a7a:s22""}"	"913"	"982"
"3480df7007cb6dcab43d3f725cfd83820c3b42d523253166569b51940554a142"	"wog:claim:ctx:wog:ctx:speech-ym2"	"node-support"	"{""status"":""not-applicable""}"	"0"	"{""status"":""present"",""value"":""story:e4b036101a7a:s38""}"	"1655"	"1723"
"3480df7007cb6dcab43d3f725cfd83820c3b42d523253166569b51940554a142"	"wog:claim:ctx:wog:ctx:speech-ym2"	"node-support"	"{""status"":""not-applicable""}"	"1"	"{""status"":""present"",""value"":""story:e4b036101a7a:s39""}"	"1724"	"1765"
"3480df7007cb6dcab43d3f725cfd83820c3b42d523253166569b51940554a142"	"wog:claim:ctx:wog:ctx:speech-ym2"	"node-support"	"{""status"":""not-applicable""}"	"2"	"{""status"":""present"",""value"":""story:e4b036101a7a:s40""}"	"1766"	"1847"
"3480df7007cb6dcab43d3f725cfd83820c3b42d523253166569b51940554a142"	"wog:claim:ctx:wog:ctx:speech-ym2"	"node-support"	"{""status"":""not-applicable""}"	"3"	"{""status"":""present"",""value"":""story:e4b036101a7a:s41""}"	"1848"	"1900"
"3480df7007cb6dcab43d3f725cfd83820c3b42d523253166569b51940554a142"	"wog:claim:ctx:wog:ctx:speech-ym2"	"claim-evidence"	"{""status"":""present"",""value"":0}"	"0"	"{""status"":""present"",""value"":""story:e4b036101a7a:s38""}"	"1655"	"1723"
"3480df7007cb6dcab43d3f725cfd83820c3b42d523253166569b51940554a142"	"wog:claim:ctx:wog:ctx:speech-ym2"	"claim-evidence"	"{""status"":""present"",""value"":0}"	"1"	"{""status"":""present"",""value"":""story:e4b036101a7a:s39""}"	"1724"	"1765"
"3480df7007cb6dcab43d3f725cfd83820c3b42d523253166569b51940554a142"	"wog:claim:ctx:wog:ctx:speech-ym2"	"claim-evidence"	"{""status"":""present"",""value"":0}"	"2"	"{""status"":""present"",""value"":""story:e4b036101a7a:s40""}"	"1766"	"1847"
"3480df7007cb6dcab43d3f725cfd83820c3b42d523253166569b51940554a142"	"wog:claim:ctx:wog:ctx:speech-ym2"	"claim-evidence"	"{""status"":""present"",""value"":0}"	"3"	"{""status"":""present"",""value"":""story:e4b036101a7a:s41""}"	"1848"	"1900"
"3480df7007cb6dcab43d3f725cfd83820c3b42d523253166569b51940554a142"	"wog:claim:ctx:wog:ctx:speech-ym2-inner"	"node-support"	"{""status"":""not-applicable""}"	"0"	"{""status"":""present"",""value"":""story:e4b036101a7a:s41""}"	"1848"	"1900"
"3480df7007cb6dcab43d3f725cfd83820c3b42d523253166569b51940554a142"	"wog:claim:ctx:wog:ctx:speech-ym2-inner"	"claim-evidence"	"{""status"":""present"",""value"":0}"	"0"	"{""status"":""present"",""value"":""story:e4b036101a7a:s41""}"	"1848"	"1900"
"3480df7007cb6dcab43d3f725cfd83820c3b42d523253166569b51940554a142"	"wog:claim:ctx:wog:ctx:thought-war-party"	"node-support"	"{""status"":""not-applicable""}"	"0"	"{""status"":""present"",""value"":""story:e4b036101a7a:s5""}"	"172"	"215"
"3480df7007cb6dcab43d3f725cfd83820c3b42d523253166569b51940554a142"	"wog:claim:ctx:wog:ctx:thought-war-party"	"claim-evidence"	"{""status"":""present"",""value"":0}"	"0"	"{""status"":""present"",""value"":""story:e4b036101a7a:s5""}"	"172"	"215"
"3480df7007cb6dcab43d3f725cfd83820c3b42d523253166569b51940554a142"	"wog:claim:ctx:wog:ctx:world"	"node-support"	"{""status"":""not-applicable""}"	"0"	"{""status"":""present"",""value"":""story:e4b036101a7a:s0""}"	"0"	"28"
"3480df7007cb6dcab43d3f725cfd83820c3b42d523253166569b51940554a142"	"wog:claim:ctx:wog:ctx:world"	"node-support"	"{""status"":""not-applicable""}"	"1"	"{""status"":""present"",""value"":""story:e4b036101a7a:s1""}"	"29"	"72"
"3480df7007cb6dcab43d3f725cfd83820c3b42d523253166569b51940554a142"	"wog:claim:ctx:wog:ctx:world"	"node-support"	"{""status"":""not-applicable""}"	"2"	"{""status"":""present"",""value"":""story:e4b036101a7a:s2""}"	"73"	"98"
"3480df7007cb6dcab43d3f725cfd83820c3b42d523253166569b51940554a142"	"wog:claim:ctx:wog:ctx:world"	"node-support"	"{""status"":""not-applicable""}"	"3"	"{""status"":""present"",""value"":""story:e4b036101a7a:s3""}"	"99"	"124"
"3480df7007cb6dcab43d3f725cfd83820c3b42d523253166569b51940554a142"	"wog:claim:ctx:wog:ctx:world"	"node-support"	"{""status"":""not-applicable""}"	"4"	"{""status"":""present"",""value"":""story:e4b036101a7a:s4""}"	"125"	"171"
"3480df7007cb6dcab43d3f725cfd83820c3b42d523253166569b51940554a142"	"wog:claim:ctx:wog:ctx:world"	"node-support"	"{""status"":""not-applicable""}"	"5"	"{""status"":""present"",""value"":""story:e4b036101a7a:s5""}"	"172"	"215"
"3480df7007cb6dcab43d3f725cfd83820c3b42d523253166569b51940554a142"	"wog:claim:ctx:wog:ctx:world"	"node-support"	"{""status"":""not-applicable""}"	"6"	"{""status"":""present"",""value"":""story:e4b036101a7a:s6""}"	"216"	"267"
"3480df7007cb6dcab43d3f725cfd83820c3b42d523253166569b51940554a142"	"wog:claim:ctx:wog:ctx:world"	"node-support"	"{""status"":""not-applicable""}"	"7"	"{""status"":""present"",""value"":""story:e4b036101a7a:s7""}"	"268"	"323"
"3480df7007cb6dcab43d3f725cfd83820c3b42d523253166569b51940554a142"	"wog:claim:ctx:wog:ctx:world"	"node-support"	"{""status"":""not-applicable""}"	"8"	"{""status"":""present"",""value"":""story:e4b036101a7a:s8""}"	"324"	"396"
"3480df7007cb6dcab43d3f725cfd83820c3b42d523253166569b51940554a142"	"wog:claim:ctx:wog:ctx:world"	"node-support"	"{""status"":""not-applicable""}"	"9"	"{""status"":""present"",""value"":""story:e4b036101a7a:s9""}"	"397"	"430"
"3480df7007cb6dcab43d3f725cfd83820c3b42d523253166569b51940554a142"	"wog:claim:ctx:wog:ctx:world"	"node-support"	"{""status"":""not-applicable""}"	"10"	"{""status"":""present"",""value"":""story:e4b036101a7a:s10""}"	"431"	"470"
"3480df7007cb6dcab43d3f725cfd83820c3b42d523253166569b51940554a142"	"wog:claim:ctx:wog:ctx:world"	"node-support"	"{""status"":""not-applicable""}"	"11"	"{""status"":""present"",""value"":""story:e4b036101a7a:s11""}"	"471"	"497"
"3480df7007cb6dcab43d3f725cfd83820c3b42d523253166569b51940554a142"	"wog:claim:ctx:wog:ctx:world"	"node-support"	"{""status"":""not-applicable""}"	"12"	"{""status"":""present"",""value"":""story:e4b036101a7a:s12""}"	"498"	"551"
"3480df7007cb6dcab43d3f725cfd83820c3b42d523253166569b51940554a142"	"wog:claim:ctx:wog:ctx:world"	"node-support"	"{""status"":""not-applicable""}"	"13"	"{""status"":""present"",""value"":""story:e4b036101a7a:s13""}"	"552"	"598"
"3480df7007cb6dcab43d3f725cfd83820c3b42d523253166569b51940554a142"	"wog:claim:ctx:wog:ctx:world"	"node-support"	"{""status"":""not-applicable""}"	"14"	"{""status"":""present"",""value"":""story:e4b036101a7a:s14""}"	"599"	"625"
"3480df7007cb6dcab43d3f725cfd83820c3b42d523253166569b51940554a142"	"wog:claim:ctx:wog:ctx:world"	"node-support"	"{""status"":""not-applicable""}"	"15"	"{""status"":""present"",""value"":""story:e4b036101a7a:s15""}"	"626"	"684"
"3480df7007cb6dcab43d3f725cfd83820c3b42d523253166569b51940554a142"	"wog:claim:ctx:wog:ctx:world"	"node-support"	"{""status"":""not-applicable""}"	"16"	"{""status"":""present"",""value"":""story:e4b036101a7a:s16""}"	"685"	"728"
"3480df7007cb6dcab43d3f725cfd83820c3b42d523253166569b51940554a142"	"wog:claim:ctx:wog:ctx:world"	"node-support"	"{""status"":""not-applicable""}"	"17"	"{""status"":""present"",""value"":""story:e4b036101a7a:s17""}"	"729"	"751"
"3480df7007cb6dcab43d3f725cfd83820c3b42d523253166569b51940554a142"	"wog:claim:ctx:wog:ctx:world"	"node-support"	"{""status"":""not-applicable""}"	"18"	"{""status"":""present"",""value"":""story:e4b036101a7a:s18""}"	"752"	"780"
"3480df7007cb6dcab43d3f725cfd83820c3b42d523253166569b51940554a142"	"wog:claim:ctx:wog:ctx:world"	"node-support"	"{""status"":""not-applicable""}"	"19"	"{""status"":""present"",""value"":""story:e4b036101a7a:s19""}"	"781"	"806"
"3480df7007cb6dcab43d3f725cfd83820c3b42d523253166569b51940554a142"	"wog:claim:ctx:wog:ctx:world"	"node-support"	"{""status"":""not-applicable""}"	"20"	"{""status"":""present"",""value"":""story:e4b036101a7a:s20""}"	"807"	"856"
"3480df7007cb6dcab43d3f725cfd83820c3b42d523253166569b51940554a142"	"wog:claim:ctx:wog:ctx:world"	"node-support"	"{""status"":""not-applicable""}"	"21"	"{""status"":""present"",""value"":""story:e4b036101a7a:s21""}"	"857"	"912"
"3480df7007cb6dcab43d3f725cfd83820c3b42d523253166569b51940554a142"	"wog:claim:ctx:wog:ctx:world"	"node-support"	"{""status"":""not-applicable""}"	"22"	"{""status"":""present"",""value"":""story:e4b036101a7a:s22""}"	"913"	"982"
"3480df7007cb6dcab43d3f725cfd83820c3b42d523253166569b51940554a142"	"wog:claim:ctx:wog:ctx:world"	"node-support"	"{""status"":""not-applicable""}"	"23"	"{""status"":""present"",""value"":""story:e4b036101a7a:s23""}"	"984"	"1007"
"3480df7007cb6dcab43d3f725cfd83820c3b42d523253166569b51940554a142"	"wog:claim:ctx:wog:ctx:world"	"node-support"	"{""status"":""not-applicable""}"	"24"	"{""status"":""present"",""value"":""story:e4b036101a7a:s24""}"	"1008"	"1048"
"3480df7007cb6dcab43d3f725cfd83820c3b42d523253166569b51940554a142"	"wog:claim:ctx:wog:ctx:world"	"node-support"	"{""status"":""not-applicable""}"	"25"	"{""status"":""present"",""value"":""story:e4b036101a7a:s25""}"	"1049"	"1098"
"3480df7007cb6dcab43d3f725cfd83820c3b42d523253166569b51940554a142"	"wog:claim:ctx:wog:ctx:world"	"node-support"	"{""status"":""not-applicable""}"	"26"	"{""status"":""present"",""value"":""story:e4b036101a7a:s26""}"	"1099"	"1157"
"3480df7007cb6dcab43d3f725cfd83820c3b42d523253166569b51940554a142"	"wog:claim:ctx:wog:ctx:world"	"node-support"	"{""status"":""not-applicable""}"	"27"	"{""status"":""present"",""value"":""story:e4b036101a7a:s27""}"	"1158"	"1193"
"3480df7007cb6dcab43d3f725cfd83820c3b42d523253166569b51940554a142"	"wog:claim:ctx:wog:ctx:world"	"node-support"	"{""status"":""not-applicable""}"	"28"	"{""status"":""present"",""value"":""story:e4b036101a7a:s28""}"	"1194"	"1281"
"3480df7007cb6dcab43d3f725cfd83820c3b42d523253166569b51940554a142"	"wog:claim:ctx:wog:ctx:world"	"node-support"	"{""status"":""not-applicable""}"	"29"	"{""status"":""present"",""value"":""story:e4b036101a7a:s29""}"	"1282"	"1317"
"3480df7007cb6dcab43d3f725cfd83820c3b42d523253166569b51940554a142"	"wog:claim:ctx:wog:ctx:world"	"node-support"	"{""status"":""not-applicable""}"	"30"	"{""status"":""present"",""value"":""story:e4b036101a7a:s30""}"	"1318"	"1391"
"3480df7007cb6dcab43d3f725cfd83820c3b42d523253166569b51940554a142"	"wog:claim:ctx:wog:ctx:world"	"node-support"	"{""status"":""not-applicable""}"	"31"	"{""status"":""present"",""value"":""story:e4b036101a7a:s31""}"	"1392"	"1430"
"3480df7007cb6dcab43d3f725cfd83820c3b42d523253166569b51940554a142"	"wog:claim:ctx:wog:ctx:world"	"node-support"	"{""status"":""not-applicable""}"	"32"	"{""status"":""present"",""value"":""story:e4b036101a7a:s32""}"	"1431"	"1483"
"3480df7007cb6dcab43d3f725cfd83820c3b42d523253166569b51940554a142"	"wog:claim:ctx:wog:ctx:world"	"node-support"	"{""status"":""not-applicable""}"	"33"	"{""status"":""present"",""value"":""story:e4b036101a7a:s33""}"	"1484"	"1510"
"3480df7007cb6dcab43d3f725cfd83820c3b42d523253166569b51940554a142"	"wog:claim:ctx:wog:ctx:world"	"node-support"	"{""status"":""not-applicable""}"	"34"	"{""status"":""present"",""value"":""story:e4b036101a7a:s34""}"	"1511"	"1534"
"3480df7007cb6dcab43d3f725cfd83820c3b42d523253166569b51940554a142"	"wog:claim:ctx:wog:ctx:world"	"node-support"	"{""status"":""not-applicable""}"	"35"	"{""status"":""present"",""value"":""story:e4b036101a7a:s35""}"	"1535"	"1581"
"3480df7007cb6dcab43d3f725cfd83820c3b42d523253166569b51940554a142"	"wog:claim:ctx:wog:ctx:world"	"node-support"	"{""status"":""not-applicable""}"	"36"	"{""status"":""present"",""value"":""story:e4b036101a7a:s36""}"	"1582"	"1613"
"3480df7007cb6dcab43d3f725cfd83820c3b42d523253166569b51940554a142"	"wog:claim:ctx:wog:ctx:world"	"node-support"	"{""status"":""not-applicable""}"	"37"	"{""status"":""present"",""value"":""story:e4b036101a7a:s37""}"	"1614"	"1654"
"3480df7007cb6dcab43d3f725cfd83820c3b42d523253166569b51940554a142"	"wog:claim:ctx:wog:ctx:world"	"node-support"	"{""status"":""not-applicable""}"	"38"	"{""status"":""present"",""value"":""story:e4b036101a7a:s38""}"	"1655"	"1723"
"3480df7007cb6dcab43d3f725cfd83820c3b42d523253166569b51940554a142"	"wog:claim:ctx:wog:ctx:world"	"node-support"	"{""status"":""not-applicable""}"	"39"	"{""status"":""present"",""value"":""story:e4b036101a7a:s39""}"	"1724"	"1765"
"3480df7007cb6dcab43d3f725cfd83820c3b42d523253166569b51940554a142"	"wog:claim:ctx:wog:ctx:world"	"node-support"	"{""status"":""not-applicable""}"	"40"	"{""status"":""present"",""value"":""story:e4b036101a7a:s40""}"	"1766"	"1847"
"3480df7007cb6dcab43d3f725cfd83820c3b42d523253166569b51940554a142"	"wog:claim:ctx:wog:ctx:world"	"node-support"	"{""status"":""not-applicable""}"	"41"	"{""status"":""present"",""value"":""story:e4b036101a7a:s41""}"	"1848"	"1900"
"3480df7007cb6dcab43d3f725cfd83820c3b42d523253166569b51940554a142"	"wog:claim:ctx:wog:ctx:world"	"node-support"	"{""status"":""not-applicable""}"	"42"	"{""status"":""present"",""value"":""story:e4b036101a7a:s42""}"	"1901"	"1942"
"3480df7007cb6dcab43d3f725cfd83820c3b42d523253166569b51940554a142"	"wog:claim:ctx:wog:ctx:world"	"node-support"	"{""status"":""not-applicable""}"	"43"	"{""status"":""present"",""value"":""story:e4b036101a7a:s43""}"	"1943"	"1987"
"3480df7007cb6dcab43d3f725cfd83820c3b42d523253166569b51940554a142"	"wog:claim:ctx:wog:ctx:world"	"node-support"	"{""status"":""not-applicable""}"	"44"	"{""status"":""present"",""value"":""story:e4b036101a7a:s44""}"	"1988"	"2020"
"3480df7007cb6dcab43d3f725cfd83820c3b42d523253166569b51940554a142"	"wog:claim:ctx:wog:ctx:world"	"node-support"	"{""status"":""not-applicable""}"	"45"	"{""status"":""present"",""value"":""story:e4b036101a7a:s45""}"	"2021"	"2090"
"3480df7007cb6dcab43d3f725cfd83820c3b42d523253166569b51940554a142"	"wog:claim:ctx:wog:ctx:world"	"node-support"	"{""status"":""not-applicable""}"	"46"	"{""status"":""present"",""value"":""story:e4b036101a7a:s46""}"	"2091"	"2117"
"3480df7007cb6dcab43d3f725cfd83820c3b42d523253166569b51940554a142"	"wog:claim:ctx:wog:ctx:world"	"node-support"	"{""status"":""not-applicable""}"	"47"	"{""status"":""present"",""value"":""story:e4b036101a7a:s47""}"	"2118"	"2130"
"3480df7007cb6dcab43d3f725cfd83820c3b42d523253166569b51940554a142"	"wog:claim:ctx:wog:ctx:world"	"node-support"	"{""status"":""not-applicable""}"	"48"	"{""status"":""present"",""value"":""story:e4b036101a7a:s48""}"	"2131"	"2162"
"3480df7007cb6dcab43d3f725cfd83820c3b42d523253166569b51940554a142"	"wog:claim:ctx:wog:ctx:world"	"node-support"	"{""status"":""not-applicable""}"	"49"	"{""status"":""present"",""value"":""story:e4b036101a7a:s49""}"	"2163"	"2180"
"3480df7007cb6dcab43d3f725cfd83820c3b42d523253166569b51940554a142"	"wog:claim:ctx:wog:ctx:world"	"claim-evidence"	"{""status"":""present"",""value"":0}"	"0"	"{""status"":""present"",""value"":""story:e4b036101a7a:s0""}"	"0"	"28"
"3480df7007cb6dcab43d3f725cfd83820c3b42d523253166569b51940554a142"	"wog:claim:ctx:wog:ctx:world"	"claim-evidence"	"{""status"":""present"",""value"":0}"	"1"	"{""status"":""present"",""value"":""story:e4b036101a7a:s1""}"	"29"	"72"
"3480df7007cb6dcab43d3f725cfd83820c3b42d523253166569b51940554a142"	"wog:claim:ctx:wog:ctx:world"	"claim-evidence"	"{""status"":""present"",""value"":0}"	"2"	"{""status"":""present"",""value"":""story:e4b036101a7a:s2""}"	"73"	"98"
"3480df7007cb6dcab43d3f725cfd83820c3b42d523253166569b51940554a142"	"wog:claim:ctx:wog:ctx:world"	"claim-evidence"	"{""status"":""present"",""value"":0}"	"3"	"{""status"":""present"",""value"":""story:e4b036101a7a:s3""}"	"99"	"124"
"3480df7007cb6dcab43d3f725cfd83820c3b42d523253166569b51940554a142"	"wog:claim:ctx:wog:ctx:world"	"claim-evidence"	"{""status"":""present"",""value"":0}"	"4"	"{""status"":""present"",""value"":""story:e4b036101a7a:s4""}"	"125"	"171"
"3480df7007cb6dcab43d3f725cfd83820c3b42d523253166569b51940554a142"	"wog:claim:ctx:wog:ctx:world"	"claim-evidence"	"{""status"":""present"",""value"":0}"	"5"	"{""status"":""present"",""value"":""story:e4b036101a7a:s5""}"	"172"	"215"
"3480df7007cb6dcab43d3f725cfd83820c3b42d523253166569b51940554a142"	"wog:claim:ctx:wog:ctx:world"	"claim-evidence"	"{""status"":""present"",""value"":0}"	"6"	"{""status"":""present"",""value"":""story:e4b036101a7a:s6""}"	"216"	"267"
"3480df7007cb6dcab43d3f725cfd83820c3b42d523253166569b51940554a142"	"wog:claim:ctx:wog:ctx:world"	"claim-evidence"	"{""status"":""present"",""value"":0}"	"7"	"{""status"":""present"",""value"":""story:e4b036101a7a:s7""}"	"268"	"323"
"3480df7007cb6dcab43d3f725cfd83820c3b42d523253166569b51940554a142"	"wog:claim:ctx:wog:ctx:world"	"claim-evidence"	"{""status"":""present"",""value"":0}"	"8"	"{""status"":""present"",""value"":""story:e4b036101a7a:s8""}"	"324"	"396"
"3480df7007cb6dcab43d3f725cfd83820c3b42d523253166569b51940554a142"	"wog:claim:ctx:wog:ctx:world"	"claim-evidence"	"{""status"":""present"",""value"":0}"	"9"	"{""status"":""present"",""value"":""story:e4b036101a7a:s9""}"	"397"	"430"
"3480df7007cb6dcab43d3f725cfd83820c3b42d523253166569b51940554a142"	"wog:claim:ctx:wog:ctx:world"	"claim-evidence"	"{""status"":""present"",""value"":0}"	"10"	"{""status"":""present"",""value"":""story:e4b036101a7a:s10""}"	"431"	"470"
"3480df7007cb6dcab43d3f725cfd83820c3b42d523253166569b51940554a142"	"wog:claim:ctx:wog:ctx:world"	"claim-evidence"	"{""status"":""present"",""value"":0}"	"11"	"{""status"":""present"",""value"":""story:e4b036101a7a:s11""}"	"471"	"497"
"3480df7007cb6dcab43d3f725cfd83820c3b42d523253166569b51940554a142"	"wog:claim:ctx:wog:ctx:world"	"claim-evidence"	"{""status"":""present"",""value"":0}"	"12"	"{""status"":""present"",""value"":""story:e4b036101a7a:s12""}"	"498"	"551"
"3480df7007cb6dcab43d3f725cfd83820c3b42d523253166569b51940554a142"	"wog:claim:ctx:wog:ctx:world"	"claim-evidence"	"{""status"":""present"",""value"":0}"	"13"	"{""status"":""present"",""value"":""story:e4b036101a7a:s13""}"	"552"	"598"
"3480df7007cb6dcab43d3f725cfd83820c3b42d523253166569b51940554a142"	"wog:claim:ctx:wog:ctx:world"	"claim-evidence"	"{""status"":""present"",""value"":0}"	"14"	"{""status"":""present"",""value"":""story:e4b036101a7a:s14""}"	"599"	"625"
"3480df7007cb6dcab43d3f725cfd83820c3b42d523253166569b51940554a142"	"wog:claim:ctx:wog:ctx:world"	"claim-evidence"	"{""status"":""present"",""value"":0}"	"15"	"{""status"":""present"",""value"":""story:e4b036101a7a:s15""}"	"626"	"684"
"3480df7007cb6dcab43d3f725cfd83820c3b42d523253166569b51940554a142"	"wog:claim:ctx:wog:ctx:world"	"claim-evidence"	"{""status"":""present"",""value"":0}"	"16"	"{""status"":""present"",""value"":""story:e4b036101a7a:s16""}"	"685"	"728"
"3480df7007cb6dcab43d3f725cfd83820c3b42d523253166569b51940554a142"	"wog:claim:ctx:wog:ctx:world"	"claim-evidence"	"{""status"":""present"",""value"":0}"	"17"	"{""status"":""present"",""value"":""story:e4b036101a7a:s17""}"	"729"	"751"
"3480df7007cb6dcab43d3f725cfd83820c3b42d523253166569b51940554a142"	"wog:claim:ctx:wog:ctx:world"	"claim-evidence"	"{""status"":""present"",""value"":0}"	"18"	"{""status"":""present"",""value"":""story:e4b036101a7a:s18""}"	"752"	"780"
"3480df7007cb6dcab43d3f725cfd83820c3b42d523253166569b51940554a142"	"wog:claim:ctx:wog:ctx:world"	"claim-evidence"	"{""status"":""present"",""value"":0}"	"19"	"{""status"":""present"",""value"":""story:e4b036101a7a:s19""}"	"781"	"806"
"3480df7007cb6dcab43d3f725cfd83820c3b42d523253166569b51940554a142"	"wog:claim:ctx:wog:ctx:world"	"claim-evidence"	"{""status"":""present"",""value"":0}"	"20"	"{""status"":""present"",""value"":""story:e4b036101a7a:s20""}"	"807"	"856"
"3480df7007cb6dcab43d3f725cfd83820c3b42d523253166569b51940554a142"	"wog:claim:ctx:wog:ctx:world"	"claim-evidence"	"{""status"":""present"",""value"":0}"	"21"	"{""status"":""present"",""value"":""story:e4b036101a7a:s21""}"	"857"	"912"
"3480df7007cb6dcab43d3f725cfd83820c3b42d523253166569b51940554a142"	"wog:claim:ctx:wog:ctx:world"	"claim-evidence"	"{""status"":""present"",""value"":0}"	"22"	"{""status"":""present"",""value"":""story:e4b036101a7a:s22""}"	"913"	"982"
"3480df7007cb6dcab43d3f725cfd83820c3b42d523253166569b51940554a142"	"wog:claim:ctx:wog:ctx:world"	"claim-evidence"	"{""status"":""present"",""value"":0}"	"23"	"{""status"":""present"",""value"":""story:e4b036101a7a:s23""}"	"984"	"1007"
"3480df7007cb6dcab43d3f725cfd83820c3b42d523253166569b51940554a142"	"wog:claim:ctx:wog:ctx:world"	"claim-evidence"	"{""status"":""present"",""value"":0}"	"24"	"{""status"":""present"",""value"":""story:e4b036101a7a:s24""}"	"1008"	"1048"
"3480df7007cb6dcab43d3f725cfd83820c3b42d523253166569b51940554a142"	"wog:claim:ctx:wog:ctx:world"	"claim-evidence"	"{""status"":""present"",""value"":0}"	"25"	"{""status"":""present"",""value"":""story:e4b036101a7a:s25""}"	"1049"	"1098"
"3480df7007cb6dcab43d3f725cfd83820c3b42d523253166569b51940554a142"	"wog:claim:ctx:wog:ctx:world"	"claim-evidence"	"{""status"":""present"",""value"":0}"	"26"	"{""status"":""present"",""value"":""story:e4b036101a7a:s26""}"	"1099"	"1157"
"3480df7007cb6dcab43d3f725cfd83820c3b42d523253166569b51940554a142"	"wog:claim:ctx:wog:ctx:world"	"claim-evidence"	"{""status"":""present"",""value"":0}"	"27"	"{""status"":""present"",""value"":""story:e4b036101a7a:s27""}"	"1158"	"1193"
"3480df7007cb6dcab43d3f725cfd83820c3b42d523253166569b51940554a142"	"wog:claim:ctx:wog:ctx:world"	"claim-evidence"	"{""status"":""present"",""value"":0}"	"28"	"{""status"":""present"",""value"":""story:e4b036101a7a:s28""}"	"1194"	"1281"
"3480df7007cb6dcab43d3f725cfd83820c3b42d523253166569b51940554a142"	"wog:claim:ctx:wog:ctx:world"	"claim-evidence"	"{""status"":""present"",""value"":0}"	"29"	"{""status"":""present"",""value"":""story:e4b036101a7a:s29""}"	"1282"	"1317"
"3480df7007cb6dcab43d3f725cfd83820c3b42d523253166569b51940554a142"	"wog:claim:ctx:wog:ctx:world"	"claim-evidence"	"{""status"":""present"",""value"":0}"	"30"	"{""status"":""present"",""value"":""story:e4b036101a7a:s30""}"	"1318"	"1391"
"3480df7007cb6dcab43d3f725cfd83820c3b42d523253166569b51940554a142"	"wog:claim:ctx:wog:ctx:world"	"claim-evidence"	"{""status"":""present"",""value"":0}"	"31"	"{""status"":""present"",""value"":""story:e4b036101a7a:s31""}"	"1392"	"1430"
"3480df7007cb6dcab43d3f725cfd83820c3b42d523253166569b51940554a142"	"wog:claim:ctx:wog:ctx:world"	"claim-evidence"	"{""status"":""present"",""value"":0}"	"32"	"{""status"":""present"",""value"":""story:e4b036101a7a:s32""}"	"1431"	"1483"
"3480df7007cb6dcab43d3f725cfd83820c3b42d523253166569b51940554a142"	"wog:claim:ctx:wog:ctx:world"	"claim-evidence"	"{""status"":""present"",""value"":0}"	"33"	"{""status"":""present"",""value"":""story:e4b036101a7a:s33""}"	"1484"	"1510"
"3480df7007cb6dcab43d3f725cfd83820c3b42d523253166569b51940554a142"	"wog:claim:ctx:wog:ctx:world"	"claim-evidence"	"{""status"":""present"",""value"":0}"	"34"	"{""status"":""present"",""value"":""story:e4b036101a7a:s34""}"	"1511"	"1534"
"3480df7007cb6dcab43d3f725cfd83820c3b42d523253166569b51940554a142"	"wog:claim:ctx:wog:ctx:world"	"claim-evidence"	"{""status"":""present"",""value"":0}"	"35"	"{""status"":""present"",""value"":""story:e4b036101a7a:s35""}"	"1535"	"1581"
"3480df7007cb6dcab43d3f725cfd83820c3b42d523253166569b51940554a142"	"wog:claim:ctx:wog:ctx:world"	"claim-evidence"	"{""status"":""present"",""value"":0}"	"36"	"{""status"":""present"",""value"":""story:e4b036101a7a:s36""}"	"1582"	"1613"
"3480df7007cb6dcab43d3f725cfd83820c3b42d523253166569b51940554a142"	"wog:claim:ctx:wog:ctx:world"	"claim-evidence"	"{""status"":""present"",""value"":0}"	"37"	"{""status"":""present"",""value"":""story:e4b036101a7a:s37""}"	"1614"	"1654"
"3480df7007cb6dcab43d3f725cfd83820c3b42d523253166569b51940554a142"	"wog:claim:ctx:wog:ctx:world"	"claim-evidence"	"{""status"":""present"",""value"":0}"	"38"	"{""status"":""present"",""value"":""story:e4b036101a7a:s38""}"	"1655"	"1723"
"3480df7007cb6dcab43d3f725cfd83820c3b42d523253166569b51940554a142"	"wog:claim:ctx:wog:ctx:world"	"claim-evidence"	"{""status"":""present"",""value"":0}"	"39"	"{""status"":""present"",""value"":""story:e4b036101a7a:s39""}"	"1724"	"1765"
"3480df7007cb6dcab43d3f725cfd83820c3b42d523253166569b51940554a142"	"wog:claim:ctx:wog:ctx:world"	"claim-evidence"	"{""status"":""present"",""value"":0}"	"40"	"{""status"":""present"",""value"":""story:e4b036101a7a:s40""}"	"1766"	"1847"
"3480df7007cb6dcab43d3f725cfd83820c3b42d523253166569b51940554a142"	"wog:claim:ctx:wog:ctx:world"	"claim-evidence"	"{""status"":""present"",""value"":0}"	"41"	"{""status"":""present"",""value"":""story:e4b036101a7a:s41""}"	"1848"	"1900"
"3480df7007cb6dcab43d3f725cfd83820c3b42d523253166569b51940554a142"	"wog:claim:ctx:wog:ctx:world"	"claim-evidence"	"{""status"":""present"",""value"":0}"	"42"	"{""status"":""present"",""value"":""story:e4b036101a7a:s42""}"	"1901"	"1942"
"3480df7007cb6dcab43d3f725cfd83820c3b42d523253166569b51940554a142"	"wog:claim:ctx:wog:ctx:world"	"claim-evidence"	"{""status"":""present"",""value"":0}"	"43"	"{""status"":""present"",""value"":""story:e4b036101a7a:s43""}"	"1943"	"1987"
"3480df7007cb6dcab43d3f725cfd83820c3b42d523253166569b51940554a142"	"wog:claim:ctx:wog:ctx:world"	"claim-evidence"	"{""status"":""present"",""value"":0}"	"44"	"{""status"":""present"",""value"":""story:e4b036101a7a:s44""}"	"1988"	"2020"
"3480df7007cb6dcab43d3f725cfd83820c3b42d523253166569b51940554a142"	"wog:claim:ctx:wog:ctx:world"	"claim-evidence"	"{""status"":""present"",""value"":0}"	"45"	"{""status"":""present"",""value"":""story:e4b036101a7a:s45""}"	"2021"	"2090"
"3480df7007cb6dcab43d3f725cfd83820c3b42d523253166569b51940554a142"	"wog:claim:ctx:wog:ctx:world"	"claim-evidence"	"{""status"":""present"",""value"":0}"	"46"	"{""status"":""present"",""value"":""story:e4b036101a7a:s46""}"	"2091"	"2117"
"3480df7007cb6dcab43d3f725cfd83820c3b42d523253166569b51940554a142"	"wog:claim:ctx:wog:ctx:world"	"claim-evidence"	"{""status"":""present"",""value"":0}"	"47"	"{""status"":""present"",""value"":""story:e4b036101a7a:s47""}"	"2118"	"2130"
"3480df7007cb6dcab43d3f725cfd83820c3b42d523253166569b51940554a142"	"wog:claim:ctx:wog:ctx:world"	"claim-evidence"	"{""status"":""present"",""value"":0}"	"48"	"{""status"":""present"",""value"":""story:e4b036101a7a:s48""}"	"2131"	"2162"
"3480df7007cb6dcab43d3f725cfd83820c3b42d523253166569b51940554a142"	"wog:claim:ctx:wog:ctx:world"	"claim-evidence"	"{""status"":""present"",""value"":0}"	"49"	"{""status"":""present"",""value"":""story:e4b036101a7a:s49""}"	"2163"	"2180"
"3480df7007cb6dcab43d3f725cfd83820c3b42d523253166569b51940554a142"	"wog:claim:seg:wog:seg:ep1-river"	"node-support"	"{""status"":""not-applicable""}"	"0"	"{""status"":""present"",""value"":""story:e4b036101a7a:s0""}"	"0"	"28"
"3480df7007cb6dcab43d3f725cfd83820c3b42d523253166569b51940554a142"	"wog:claim:seg:wog:seg:ep1-river"	"node-support"	"{""status"":""not-applicable""}"	"1"	"{""status"":""present"",""value"":""story:e4b036101a7a:s1""}"	"29"	"72"
"3480df7007cb6dcab43d3f725cfd83820c3b42d523253166569b51940554a142"	"wog:claim:seg:wog:seg:ep1-river"	"node-support"	"{""status"":""not-applicable""}"	"2"	"{""status"":""present"",""value"":""story:e4b036101a7a:s2""}"	"73"	"98"
"3480df7007cb6dcab43d3f725cfd83820c3b42d523253166569b51940554a142"	"wog:claim:seg:wog:seg:ep1-river"	"node-support"	"{""status"":""not-applicable""}"	"3"	"{""status"":""present"",""value"":""story:e4b036101a7a:s3""}"	"99"	"124"
"3480df7007cb6dcab43d3f725cfd83820c3b42d523253166569b51940554a142"	"wog:claim:seg:wog:seg:ep1-river"	"node-support"	"{""status"":""not-applicable""}"	"4"	"{""status"":""present"",""value"":""story:e4b036101a7a:s4""}"	"125"	"171"
"3480df7007cb6dcab43d3f725cfd83820c3b42d523253166569b51940554a142"	"wog:claim:seg:wog:seg:ep1-river"	"node-support"	"{""status"":""not-applicable""}"	"5"	"{""status"":""present"",""value"":""story:e4b036101a7a:s5""}"	"172"	"215"
"3480df7007cb6dcab43d3f725cfd83820c3b42d523253166569b51940554a142"	"wog:claim:seg:wog:seg:ep1-river"	"node-support"	"{""status"":""not-applicable""}"	"6"	"{""status"":""present"",""value"":""story:e4b036101a7a:s6""}"	"216"	"267"
"3480df7007cb6dcab43d3f725cfd83820c3b42d523253166569b51940554a142"	"wog:claim:seg:wog:seg:ep1-river"	"node-support"	"{""status"":""not-applicable""}"	"7"	"{""status"":""present"",""value"":""story:e4b036101a7a:s7""}"	"268"	"323"
"3480df7007cb6dcab43d3f725cfd83820c3b42d523253166569b51940554a142"	"wog:claim:seg:wog:seg:ep1-river"	"node-support"	"{""status"":""not-applicable""}"	"8"	"{""status"":""present"",""value"":""story:e4b036101a7a:s8""}"	"324"	"396"
"3480df7007cb6dcab43d3f725cfd83820c3b42d523253166569b51940554a142"	"wog:claim:seg:wog:seg:ep1-river"	"node-support"	"{""status"":""not-applicable""}"	"9"	"{""status"":""present"",""value"":""story:e4b036101a7a:s9""}"	"397"	"430"
"3480df7007cb6dcab43d3f725cfd83820c3b42d523253166569b51940554a142"	"wog:claim:seg:wog:seg:ep1-river"	"claim-evidence"	"{""status"":""present"",""value"":0}"	"0"	"{""status"":""present"",""value"":""story:e4b036101a7a:s0""}"	"0"	"28"
"3480df7007cb6dcab43d3f725cfd83820c3b42d523253166569b51940554a142"	"wog:claim:seg:wog:seg:ep1-river"	"claim-evidence"	"{""status"":""present"",""value"":0}"	"1"	"{""status"":""present"",""value"":""story:e4b036101a7a:s1""}"	"29"	"72"
"3480df7007cb6dcab43d3f725cfd83820c3b42d523253166569b51940554a142"	"wog:claim:seg:wog:seg:ep1-river"	"claim-evidence"	"{""status"":""present"",""value"":0}"	"2"	"{""status"":""present"",""value"":""story:e4b036101a7a:s2""}"	"73"	"98"
"3480df7007cb6dcab43d3f725cfd83820c3b42d523253166569b51940554a142"	"wog:claim:seg:wog:seg:ep1-river"	"claim-evidence"	"{""status"":""present"",""value"":0}"	"3"	"{""status"":""present"",""value"":""story:e4b036101a7a:s3""}"	"99"	"124"
"3480df7007cb6dcab43d3f725cfd83820c3b42d523253166569b51940554a142"	"wog:claim:seg:wog:seg:ep1-river"	"claim-evidence"	"{""status"":""present"",""value"":0}"	"4"	"{""status"":""present"",""value"":""story:e4b036101a7a:s4""}"	"125"	"171"
"3480df7007cb6dcab43d3f725cfd83820c3b42d523253166569b51940554a142"	"wog:claim:seg:wog:seg:ep1-river"	"claim-evidence"	"{""status"":""present"",""value"":0}"	"5"	"{""status"":""present"",""value"":""story:e4b036101a7a:s5""}"	"172"	"215"
"3480df7007cb6dcab43d3f725cfd83820c3b42d523253166569b51940554a142"	"wog:claim:seg:wog:seg:ep1-river"	"claim-evidence"	"{""status"":""present"",""value"":0}"	"6"	"{""status"":""present"",""value"":""story:e4b036101a7a:s6""}"	"216"	"267"
"3480df7007cb6dcab43d3f725cfd83820c3b42d523253166569b51940554a142"	"wog:claim:seg:wog:seg:ep1-river"	"claim-evidence"	"{""status"":""present"",""value"":0}"	"7"	"{""status"":""present"",""value"":""story:e4b036101a7a:s7""}"	"268"	"323"
"3480df7007cb6dcab43d3f725cfd83820c3b42d523253166569b51940554a142"	"wog:claim:seg:wog:seg:ep1-river"	"claim-evidence"	"{""status"":""present"",""value"":0}"	"8"	"{""status"":""present"",""value"":""story:e4b036101a7a:s8""}"	"324"	"396"
"3480df7007cb6dcab43d3f725cfd83820c3b42d523253166569b51940554a142"	"wog:claim:seg:wog:seg:ep1-river"	"claim-evidence"	"{""status"":""present"",""value"":0}"	"9"	"{""status"":""present"",""value"":""story:e4b036101a7a:s9""}"	"397"	"430"
"3480df7007cb6dcab43d3f725cfd83820c3b42d523253166569b51940554a142"	"wog:claim:seg:wog:seg:ep2-expedition"	"node-support"	"{""status"":""not-applicable""}"	"0"	"{""status"":""present"",""value"":""story:e4b036101a7a:s10""}"	"431"	"470"
"3480df7007cb6dcab43d3f725cfd83820c3b42d523253166569b51940554a142"	"wog:claim:seg:wog:seg:ep2-expedition"	"node-support"	"{""status"":""not-applicable""}"	"1"	"{""status"":""present"",""value"":""story:e4b036101a7a:s11""}"	"471"	"497"
"3480df7007cb6dcab43d3f725cfd83820c3b42d523253166569b51940554a142"	"wog:claim:seg:wog:seg:ep2-expedition"	"node-support"	"{""status"":""not-applicable""}"	"2"	"{""status"":""present"",""value"":""story:e4b036101a7a:s12""}"	"498"	"551"
"3480df7007cb6dcab43d3f725cfd83820c3b42d523253166569b51940554a142"	"wog:claim:seg:wog:seg:ep2-expedition"	"node-support"	"{""status"":""not-applicable""}"	"3"	"{""status"":""present"",""value"":""story:e4b036101a7a:s13""}"	"552"	"598"
"3480df7007cb6dcab43d3f725cfd83820c3b42d523253166569b51940554a142"	"wog:claim:seg:wog:seg:ep2-expedition"	"node-support"	"{""status"":""not-applicable""}"	"4"	"{""status"":""present"",""value"":""story:e4b036101a7a:s14""}"	"599"	"625"
"3480df7007cb6dcab43d3f725cfd83820c3b42d523253166569b51940554a142"	"wog:claim:seg:wog:seg:ep2-expedition"	"node-support"	"{""status"":""not-applicable""}"	"5"	"{""status"":""present"",""value"":""story:e4b036101a7a:s15""}"	"626"	"684"
"3480df7007cb6dcab43d3f725cfd83820c3b42d523253166569b51940554a142"	"wog:claim:seg:wog:seg:ep2-expedition"	"node-support"	"{""status"":""not-applicable""}"	"6"	"{""status"":""present"",""value"":""story:e4b036101a7a:s16""}"	"685"	"728"
"3480df7007cb6dcab43d3f725cfd83820c3b42d523253166569b51940554a142"	"wog:claim:seg:wog:seg:ep2-expedition"	"node-support"	"{""status"":""not-applicable""}"	"7"	"{""status"":""present"",""value"":""story:e4b036101a7a:s17""}"	"729"	"751"
"3480df7007cb6dcab43d3f725cfd83820c3b42d523253166569b51940554a142"	"wog:claim:seg:wog:seg:ep2-expedition"	"node-support"	"{""status"":""not-applicable""}"	"8"	"{""status"":""present"",""value"":""story:e4b036101a7a:s18""}"	"752"	"780"
"3480df7007cb6dcab43d3f725cfd83820c3b42d523253166569b51940554a142"	"wog:claim:seg:wog:seg:ep2-expedition"	"node-support"	"{""status"":""not-applicable""}"	"9"	"{""status"":""present"",""value"":""story:e4b036101a7a:s19""}"	"781"	"806"
"3480df7007cb6dcab43d3f725cfd83820c3b42d523253166569b51940554a142"	"wog:claim:seg:wog:seg:ep2-expedition"	"node-support"	"{""status"":""not-applicable""}"	"10"	"{""status"":""present"",""value"":""story:e4b036101a7a:s20""}"	"807"	"856"
"3480df7007cb6dcab43d3f725cfd83820c3b42d523253166569b51940554a142"	"wog:claim:seg:wog:seg:ep2-expedition"	"node-support"	"{""status"":""not-applicable""}"	"11"	"{""status"":""present"",""value"":""story:e4b036101a7a:s21""}"	"857"	"912"
"3480df7007cb6dcab43d3f725cfd83820c3b42d523253166569b51940554a142"	"wog:claim:seg:wog:seg:ep2-expedition"	"node-support"	"{""status"":""not-applicable""}"	"12"	"{""status"":""present"",""value"":""story:e4b036101a7a:s22""}"	"913"	"982"
"3480df7007cb6dcab43d3f725cfd83820c3b42d523253166569b51940554a142"	"wog:claim:seg:wog:seg:ep2-expedition"	"node-support"	"{""status"":""not-applicable""}"	"13"	"{""status"":""present"",""value"":""story:e4b036101a7a:s23""}"	"984"	"1007"
"3480df7007cb6dcab43d3f725cfd83820c3b42d523253166569b51940554a142"	"wog:claim:seg:wog:seg:ep2-expedition"	"node-support"	"{""status"":""not-applicable""}"	"14"	"{""status"":""present"",""value"":""story:e4b036101a7a:s24""}"	"1008"	"1048"
"3480df7007cb6dcab43d3f725cfd83820c3b42d523253166569b51940554a142"	"wog:claim:seg:wog:seg:ep2-expedition"	"node-support"	"{""status"":""not-applicable""}"	"15"	"{""status"":""present"",""value"":""story:e4b036101a7a:s25""}"	"1049"	"1098"
"3480df7007cb6dcab43d3f725cfd83820c3b42d523253166569b51940554a142"	"wog:claim:seg:wog:seg:ep2-expedition"	"node-support"	"{""status"":""not-applicable""}"	"16"	"{""status"":""present"",""value"":""story:e4b036101a7a:s26""}"	"1099"	"1157"
"3480df7007cb6dcab43d3f725cfd83820c3b42d523253166569b51940554a142"	"wog:claim:seg:wog:seg:ep2-expedition"	"node-support"	"{""status"":""not-applicable""}"	"17"	"{""status"":""present"",""value"":""story:e4b036101a7a:s27""}"	"1158"	"1193"
"3480df7007cb6dcab43d3f725cfd83820c3b42d523253166569b51940554a142"	"wog:claim:seg:wog:seg:ep2-expedition"	"node-support"	"{""status"":""not-applicable""}"	"18"	"{""status"":""present"",""value"":""story:e4b036101a7a:s28""}"	"1194"	"1281"
"3480df7007cb6dcab43d3f725cfd83820c3b42d523253166569b51940554a142"	"wog:claim:seg:wog:seg:ep2-expedition"	"node-support"	"{""status"":""not-applicable""}"	"19"	"{""status"":""present"",""value"":""story:e4b036101a7a:s29""}"	"1282"	"1317"
"3480df7007cb6dcab43d3f725cfd83820c3b42d523253166569b51940554a142"	"wog:claim:seg:wog:seg:ep2-expedition"	"claim-evidence"	"{""status"":""present"",""value"":0}"	"0"	"{""status"":""present"",""value"":""story:e4b036101a7a:s10""}"	"431"	"470"
"3480df7007cb6dcab43d3f725cfd83820c3b42d523253166569b51940554a142"	"wog:claim:seg:wog:seg:ep2-expedition"	"claim-evidence"	"{""status"":""present"",""value"":0}"	"1"	"{""status"":""present"",""value"":""story:e4b036101a7a:s11""}"	"471"	"497"
"3480df7007cb6dcab43d3f725cfd83820c3b42d523253166569b51940554a142"	"wog:claim:seg:wog:seg:ep2-expedition"	"claim-evidence"	"{""status"":""present"",""value"":0}"	"2"	"{""status"":""present"",""value"":""story:e4b036101a7a:s12""}"	"498"	"551"
"3480df7007cb6dcab43d3f725cfd83820c3b42d523253166569b51940554a142"	"wog:claim:seg:wog:seg:ep2-expedition"	"claim-evidence"	"{""status"":""present"",""value"":0}"	"3"	"{""status"":""present"",""value"":""story:e4b036101a7a:s13""}"	"552"	"598"
"3480df7007cb6dcab43d3f725cfd83820c3b42d523253166569b51940554a142"	"wog:claim:seg:wog:seg:ep2-expedition"	"claim-evidence"	"{""status"":""present"",""value"":0}"	"4"	"{""status"":""present"",""value"":""story:e4b036101a7a:s14""}"	"599"	"625"
"3480df7007cb6dcab43d3f725cfd83820c3b42d523253166569b51940554a142"	"wog:claim:seg:wog:seg:ep2-expedition"	"claim-evidence"	"{""status"":""present"",""value"":0}"	"5"	"{""status"":""present"",""value"":""story:e4b036101a7a:s15""}"	"626"	"684"
"3480df7007cb6dcab43d3f725cfd83820c3b42d523253166569b51940554a142"	"wog:claim:seg:wog:seg:ep2-expedition"	"claim-evidence"	"{""status"":""present"",""value"":0}"	"6"	"{""status"":""present"",""value"":""story:e4b036101a7a:s16""}"	"685"	"728"
"3480df7007cb6dcab43d3f725cfd83820c3b42d523253166569b51940554a142"	"wog:claim:seg:wog:seg:ep2-expedition"	"claim-evidence"	"{""status"":""present"",""value"":0}"	"7"	"{""status"":""present"",""value"":""story:e4b036101a7a:s17""}"	"729"	"751"
"3480df7007cb6dcab43d3f725cfd83820c3b42d523253166569b51940554a142"	"wog:claim:seg:wog:seg:ep2-expedition"	"claim-evidence"	"{""status"":""present"",""value"":0}"	"8"	"{""status"":""present"",""value"":""story:e4b036101a7a:s18""}"	"752"	"780"
"3480df7007cb6dcab43d3f725cfd83820c3b42d523253166569b51940554a142"	"wog:claim:seg:wog:seg:ep2-expedition"	"claim-evidence"	"{""status"":""present"",""value"":0}"	"9"	"{""status"":""present"",""value"":""story:e4b036101a7a:s19""}"	"781"	"806"
"3480df7007cb6dcab43d3f725cfd83820c3b42d523253166569b51940554a142"	"wog:claim:seg:wog:seg:ep2-expedition"	"claim-evidence"	"{""status"":""present"",""value"":0}"	"10"	"{""status"":""present"",""value"":""story:e4b036101a7a:s20""}"	"807"	"856"
"3480df7007cb6dcab43d3f725cfd83820c3b42d523253166569b51940554a142"	"wog:claim:seg:wog:seg:ep2-expedition"	"claim-evidence"	"{""status"":""present"",""value"":0}"	"11"	"{""status"":""present"",""value"":""story:e4b036101a7a:s21""}"	"857"	"912"
"3480df7007cb6dcab43d3f725cfd83820c3b42d523253166569b51940554a142"	"wog:claim:seg:wog:seg:ep2-expedition"	"claim-evidence"	"{""status"":""present"",""value"":0}"	"12"	"{""status"":""present"",""value"":""story:e4b036101a7a:s22""}"	"913"	"982"
"3480df7007cb6dcab43d3f725cfd83820c3b42d523253166569b51940554a142"	"wog:claim:seg:wog:seg:ep2-expedition"	"claim-evidence"	"{""status"":""present"",""value"":0}"	"13"	"{""status"":""present"",""value"":""story:e4b036101a7a:s23""}"	"984"	"1007"
"3480df7007cb6dcab43d3f725cfd83820c3b42d523253166569b51940554a142"	"wog:claim:seg:wog:seg:ep2-expedition"	"claim-evidence"	"{""status"":""present"",""value"":0}"	"14"	"{""status"":""present"",""value"":""story:e4b036101a7a:s24""}"	"1008"	"1048"
"3480df7007cb6dcab43d3f725cfd83820c3b42d523253166569b51940554a142"	"wog:claim:seg:wog:seg:ep2-expedition"	"claim-evidence"	"{""status"":""present"",""value"":0}"	"15"	"{""status"":""present"",""value"":""story:e4b036101a7a:s25""}"	"1049"	"1098"
"3480df7007cb6dcab43d3f725cfd83820c3b42d523253166569b51940554a142"	"wog:claim:seg:wog:seg:ep2-expedition"	"claim-evidence"	"{""status"":""present"",""value"":0}"	"16"	"{""status"":""present"",""value"":""story:e4b036101a7a:s26""}"	"1099"	"1157"
"3480df7007cb6dcab43d3f725cfd83820c3b42d523253166569b51940554a142"	"wog:claim:seg:wog:seg:ep2-expedition"	"claim-evidence"	"{""status"":""present"",""value"":0}"	"17"	"{""status"":""present"",""value"":""story:e4b036101a7a:s27""}"	"1158"	"1193"
"3480df7007cb6dcab43d3f725cfd83820c3b42d523253166569b51940554a142"	"wog:claim:seg:wog:seg:ep2-expedition"	"claim-evidence"	"{""status"":""present"",""value"":0}"	"18"	"{""status"":""present"",""value"":""story:e4b036101a7a:s28""}"	"1194"	"1281"
"3480df7007cb6dcab43d3f725cfd83820c3b42d523253166569b51940554a142"	"wog:claim:seg:wog:seg:ep2-expedition"	"claim-evidence"	"{""status"":""present"",""value"":0}"	"19"	"{""status"":""present"",""value"":""story:e4b036101a7a:s29""}"	"1282"	"1317"
"3480df7007cb6dcab43d3f725cfd83820c3b42d523253166569b51940554a142"	"wog:claim:seg:wog:seg:ep3-return"	"node-support"	"{""status"":""not-applicable""}"	"0"	"{""status"":""present"",""value"":""story:e4b036101a7a:s30""}"	"1318"	"1391"
"3480df7007cb6dcab43d3f725cfd83820c3b42d523253166569b51940554a142"	"wog:claim:seg:wog:seg:ep3-return"	"node-support"	"{""status"":""not-applicable""}"	"1"	"{""status"":""present"",""value"":""story:e4b036101a7a:s31""}"	"1392"	"1430"
"3480df7007cb6dcab43d3f725cfd83820c3b42d523253166569b51940554a142"	"wog:claim:seg:wog:seg:ep3-return"	"node-support"	"{""status"":""not-applicable""}"	"2"	"{""status"":""present"",""value"":""story:e4b036101a7a:s32""}"	"1431"	"1483"
"3480df7007cb6dcab43d3f725cfd83820c3b42d523253166569b51940554a142"	"wog:claim:seg:wog:seg:ep3-return"	"node-support"	"{""status"":""not-applicable""}"	"3"	"{""status"":""present"",""value"":""story:e4b036101a7a:s33""}"	"1484"	"1510"
"3480df7007cb6dcab43d3f725cfd83820c3b42d523253166569b51940554a142"	"wog:claim:seg:wog:seg:ep3-return"	"node-support"	"{""status"":""not-applicable""}"	"4"	"{""status"":""present"",""value"":""story:e4b036101a7a:s34""}"	"1511"	"1534"
"3480df7007cb6dcab43d3f725cfd83820c3b42d523253166569b51940554a142"	"wog:claim:seg:wog:seg:ep3-return"	"node-support"	"{""status"":""not-applicable""}"	"5"	"{""status"":""present"",""value"":""story:e4b036101a7a:s35""}"	"1535"	"1581"
"3480df7007cb6dcab43d3f725cfd83820c3b42d523253166569b51940554a142"	"wog:claim:seg:wog:seg:ep3-return"	"node-support"	"{""status"":""not-applicable""}"	"6"	"{""status"":""present"",""value"":""story:e4b036101a7a:s36""}"	"1582"	"1613"
"3480df7007cb6dcab43d3f725cfd83820c3b42d523253166569b51940554a142"	"wog:claim:seg:wog:seg:ep3-return"	"node-support"	"{""status"":""not-applicable""}"	"7"	"{""status"":""present"",""value"":""story:e4b036101a7a:s37""}"	"1614"	"1654"
"3480df7007cb6dcab43d3f725cfd83820c3b42d523253166569b51940554a142"	"wog:claim:seg:wog:seg:ep3-return"	"node-support"	"{""status"":""not-applicable""}"	"8"	"{""status"":""present"",""value"":""story:e4b036101a7a:s38""}"	"1655"	"1723"
"3480df7007cb6dcab43d3f725cfd83820c3b42d523253166569b51940554a142"	"wog:claim:seg:wog:seg:ep3-return"	"node-support"	"{""status"":""not-applicable""}"	"9"	"{""status"":""present"",""value"":""story:e4b036101a7a:s39""}"	"1724"	"1765"
"3480df7007cb6dcab43d3f725cfd83820c3b42d523253166569b51940554a142"	"wog:claim:seg:wog:seg:ep3-return"	"node-support"	"{""status"":""not-applicable""}"	"10"	"{""status"":""present"",""value"":""story:e4b036101a7a:s40""}"	"1766"	"1847"
"3480df7007cb6dcab43d3f725cfd83820c3b42d523253166569b51940554a142"	"wog:claim:seg:wog:seg:ep3-return"	"node-support"	"{""status"":""not-applicable""}"	"11"	"{""status"":""present"",""value"":""story:e4b036101a7a:s41""}"	"1848"	"1900"
"3480df7007cb6dcab43d3f725cfd83820c3b42d523253166569b51940554a142"	"wog:claim:seg:wog:seg:ep3-return"	"node-support"	"{""status"":""not-applicable""}"	"12"	"{""status"":""present"",""value"":""story:e4b036101a7a:s42""}"	"1901"	"1942"
"3480df7007cb6dcab43d3f725cfd83820c3b42d523253166569b51940554a142"	"wog:claim:seg:wog:seg:ep3-return"	"node-support"	"{""status"":""not-applicable""}"	"13"	"{""status"":""present"",""value"":""story:e4b036101a7a:s43""}"	"1943"	"1987"
"3480df7007cb6dcab43d3f725cfd83820c3b42d523253166569b51940554a142"	"wog:claim:seg:wog:seg:ep3-return"	"node-support"	"{""status"":""not-applicable""}"	"14"	"{""status"":""present"",""value"":""story:e4b036101a7a:s44""}"	"1988"	"2020"
"3480df7007cb6dcab43d3f725cfd83820c3b42d523253166569b51940554a142"	"wog:claim:seg:wog:seg:ep3-return"	"node-support"	"{""status"":""not-applicable""}"	"15"	"{""status"":""present"",""value"":""story:e4b036101a7a:s45""}"	"2021"	"2090"
"3480df7007cb6dcab43d3f725cfd83820c3b42d523253166569b51940554a142"	"wog:claim:seg:wog:seg:ep3-return"	"node-support"	"{""status"":""not-applicable""}"	"16"	"{""status"":""present"",""value"":""story:e4b036101a7a:s46""}"	"2091"	"2117"
"3480df7007cb6dcab43d3f725cfd83820c3b42d523253166569b51940554a142"	"wog:claim:seg:wog:seg:ep3-return"	"node-support"	"{""status"":""not-applicable""}"	"17"	"{""status"":""present"",""value"":""story:e4b036101a7a:s47""}"	"2118"	"2130"
"3480df7007cb6dcab43d3f725cfd83820c3b42d523253166569b51940554a142"	"wog:claim:seg:wog:seg:ep3-return"	"node-support"	"{""status"":""not-applicable""}"	"18"	"{""status"":""present"",""value"":""story:e4b036101a7a:s48""}"	"2131"	"2162"
"3480df7007cb6dcab43d3f725cfd83820c3b42d523253166569b51940554a142"	"wog:claim:seg:wog:seg:ep3-return"	"node-support"	"{""status"":""not-applicable""}"	"19"	"{""status"":""present"",""value"":""story:e4b036101a7a:s49""}"	"2163"	"2180"
"3480df7007cb6dcab43d3f725cfd83820c3b42d523253166569b51940554a142"	"wog:claim:seg:wog:seg:ep3-return"	"claim-evidence"	"{""status"":""present"",""value"":0}"	"0"	"{""status"":""present"",""value"":""story:e4b036101a7a:s30""}"	"1318"	"1391"
"3480df7007cb6dcab43d3f725cfd83820c3b42d523253166569b51940554a142"	"wog:claim:seg:wog:seg:ep3-return"	"claim-evidence"	"{""status"":""present"",""value"":0}"	"1"	"{""status"":""present"",""value"":""story:e4b036101a7a:s31""}"	"1392"	"1430"
"3480df7007cb6dcab43d3f725cfd83820c3b42d523253166569b51940554a142"	"wog:claim:seg:wog:seg:ep3-return"	"claim-evidence"	"{""status"":""present"",""value"":0}"	"2"	"{""status"":""present"",""value"":""story:e4b036101a7a:s32""}"	"1431"	"1483"
"3480df7007cb6dcab43d3f725cfd83820c3b42d523253166569b51940554a142"	"wog:claim:seg:wog:seg:ep3-return"	"claim-evidence"	"{""status"":""present"",""value"":0}"	"3"	"{""status"":""present"",""value"":""story:e4b036101a7a:s33""}"	"1484"	"1510"
"3480df7007cb6dcab43d3f725cfd83820c3b42d523253166569b51940554a142"	"wog:claim:seg:wog:seg:ep3-return"	"claim-evidence"	"{""status"":""present"",""value"":0}"	"4"	"{""status"":""present"",""value"":""story:e4b036101a7a:s34""}"	"1511"	"1534"
"3480df7007cb6dcab43d3f725cfd83820c3b42d523253166569b51940554a142"	"wog:claim:seg:wog:seg:ep3-return"	"claim-evidence"	"{""status"":""present"",""value"":0}"	"5"	"{""status"":""present"",""value"":""story:e4b036101a7a:s35""}"	"1535"	"1581"
"3480df7007cb6dcab43d3f725cfd83820c3b42d523253166569b51940554a142"	"wog:claim:seg:wog:seg:ep3-return"	"claim-evidence"	"{""status"":""present"",""value"":0}"	"6"	"{""status"":""present"",""value"":""story:e4b036101a7a:s36""}"	"1582"	"1613"
"3480df7007cb6dcab43d3f725cfd83820c3b42d523253166569b51940554a142"	"wog:claim:seg:wog:seg:ep3-return"	"claim-evidence"	"{""status"":""present"",""value"":0}"	"7"	"{""status"":""present"",""value"":""story:e4b036101a7a:s37""}"	"1614"	"1654"
"3480df7007cb6dcab43d3f725cfd83820c3b42d523253166569b51940554a142"	"wog:claim:seg:wog:seg:ep3-return"	"claim-evidence"	"{""status"":""present"",""value"":0}"	"8"	"{""status"":""present"",""value"":""story:e4b036101a7a:s38""}"	"1655"	"1723"
"3480df7007cb6dcab43d3f725cfd83820c3b42d523253166569b51940554a142"	"wog:claim:seg:wog:seg:ep3-return"	"claim-evidence"	"{""status"":""present"",""value"":0}"	"9"	"{""status"":""present"",""value"":""story:e4b036101a7a:s39""}"	"1724"	"1765"
"3480df7007cb6dcab43d3f725cfd83820c3b42d523253166569b51940554a142"	"wog:claim:seg:wog:seg:ep3-return"	"claim-evidence"	"{""status"":""present"",""value"":0}"	"10"	"{""status"":""present"",""value"":""story:e4b036101a7a:s40""}"	"1766"	"1847"
"3480df7007cb6dcab43d3f725cfd83820c3b42d523253166569b51940554a142"	"wog:claim:seg:wog:seg:ep3-return"	"claim-evidence"	"{""status"":""present"",""value"":0}"	"11"	"{""status"":""present"",""value"":""story:e4b036101a7a:s41""}"	"1848"	"1900"
"3480df7007cb6dcab43d3f725cfd83820c3b42d523253166569b51940554a142"	"wog:claim:seg:wog:seg:ep3-return"	"claim-evidence"	"{""status"":""present"",""value"":0}"	"12"	"{""status"":""present"",""value"":""story:e4b036101a7a:s42""}"	"1901"	"1942"
"3480df7007cb6dcab43d3f725cfd83820c3b42d523253166569b51940554a142"	"wog:claim:seg:wog:seg:ep3-return"	"claim-evidence"	"{""status"":""present"",""value"":0}"	"13"	"{""status"":""present"",""value"":""story:e4b036101a7a:s43""}"	"1943"	"1987"
"3480df7007cb6dcab43d3f725cfd83820c3b42d523253166569b51940554a142"	"wog:claim:seg:wog:seg:ep3-return"	"claim-evidence"	"{""status"":""present"",""value"":0}"	"14"	"{""status"":""present"",""value"":""story:e4b036101a7a:s44""}"	"1988"	"2020"
"3480df7007cb6dcab43d3f725cfd83820c3b42d523253166569b51940554a142"	"wog:claim:seg:wog:seg:ep3-return"	"claim-evidence"	"{""status"":""present"",""value"":0}"	"15"	"{""status"":""present"",""value"":""story:e4b036101a7a:s45""}"	"2021"	"2090"
"3480df7007cb6dcab43d3f725cfd83820c3b42d523253166569b51940554a142"	"wog:claim:seg:wog:seg:ep3-return"	"claim-evidence"	"{""status"":""present"",""value"":0}"	"16"	"{""status"":""present"",""value"":""story:e4b036101a7a:s46""}"	"2091"	"2117"
"3480df7007cb6dcab43d3f725cfd83820c3b42d523253166569b51940554a142"	"wog:claim:seg:wog:seg:ep3-return"	"claim-evidence"	"{""status"":""present"",""value"":0}"	"17"	"{""status"":""present"",""value"":""story:e4b036101a7a:s47""}"	"2118"	"2130"
"3480df7007cb6dcab43d3f725cfd83820c3b42d523253166569b51940554a142"	"wog:claim:seg:wog:seg:ep3-return"	"claim-evidence"	"{""status"":""present"",""value"":0}"	"18"	"{""status"":""present"",""value"":""story:e4b036101a7a:s48""}"	"2131"	"2162"
"3480df7007cb6dcab43d3f725cfd83820c3b42d523253166569b51940554a142"	"wog:claim:seg:wog:seg:ep3-return"	"claim-evidence"	"{""status"":""present"",""value"":0}"	"19"	"{""status"":""present"",""value"":""story:e4b036101a7a:s49""}"	"2163"	"2180"
"3480df7007cb6dcab43d3f725cfd83820c3b42d523253166569b51940554a142"	"wog:claim:seg:wog:seg:sc1a-hunting"	"node-support"	"{""status"":""not-applicable""}"	"0"	"{""status"":""present"",""value"":""story:e4b036101a7a:s0""}"	"0"	"28"
"3480df7007cb6dcab43d3f725cfd83820c3b42d523253166569b51940554a142"	"wog:claim:seg:wog:seg:sc1a-hunting"	"node-support"	"{""status"":""not-applicable""}"	"1"	"{""status"":""present"",""value"":""story:e4b036101a7a:s1""}"	"29"	"72"
"3480df7007cb6dcab43d3f725cfd83820c3b42d523253166569b51940554a142"	"wog:claim:seg:wog:seg:sc1a-hunting"	"node-support"	"{""status"":""not-applicable""}"	"2"	"{""status"":""present"",""value"":""story:e4b036101a7a:s2""}"	"73"	"98"
"3480df7007cb6dcab43d3f725cfd83820c3b42d523253166569b51940554a142"	"wog:claim:seg:wog:seg:sc1a-hunting"	"node-support"	"{""status"":""not-applicable""}"	"3"	"{""status"":""present"",""value"":""story:e4b036101a7a:s3""}"	"99"	"124"
"3480df7007cb6dcab43d3f725cfd83820c3b42d523253166569b51940554a142"	"wog:claim:seg:wog:seg:sc1a-hunting"	"claim-evidence"	"{""status"":""present"",""value"":0}"	"0"	"{""status"":""present"",""value"":""story:e4b036101a7a:s0""}"	"0"	"28"
"3480df7007cb6dcab43d3f725cfd83820c3b42d523253166569b51940554a142"	"wog:claim:seg:wog:seg:sc1a-hunting"	"claim-evidence"	"{""status"":""present"",""value"":0}"	"1"	"{""status"":""present"",""value"":""story:e4b036101a7a:s1""}"	"29"	"72"
"3480df7007cb6dcab43d3f725cfd83820c3b42d523253166569b51940554a142"	"wog:claim:seg:wog:seg:sc1a-hunting"	"claim-evidence"	"{""status"":""present"",""value"":0}"	"2"	"{""status"":""present"",""value"":""story:e4b036101a7a:s2""}"	"73"	"98"
"3480df7007cb6dcab43d3f725cfd83820c3b42d523253166569b51940554a142"	"wog:claim:seg:wog:seg:sc1a-hunting"	"claim-evidence"	"{""status"":""present"",""value"":0}"	"3"	"{""status"":""present"",""value"":""story:e4b036101a7a:s3""}"	"99"	"124"
"3480df7007cb6dcab43d3f725cfd83820c3b42d523253166569b51940554a142"	"wog:claim:seg:wog:seg:sc1b-war-cries"	"node-support"	"{""status"":""not-applicable""}"	"0"	"{""status"":""present"",""value"":""story:e4b036101a7a:s4""}"	"125"	"171"
"3480df7007cb6dcab43d3f725cfd83820c3b42d523253166569b51940554a142"	"wog:claim:seg:wog:seg:sc1b-war-cries"	"node-support"	"{""status"":""not-applicable""}"	"1"	"{""status"":""present"",""value"":""story:e4b036101a7a:s5""}"	"172"	"215"
"3480df7007cb6dcab43d3f725cfd83820c3b42d523253166569b51940554a142"	"wog:claim:seg:wog:seg:sc1b-war-cries"	"node-support"	"{""status"":""not-applicable""}"	"2"	"{""status"":""present"",""value"":""story:e4b036101a7a:s6""}"	"216"	"267"
"3480df7007cb6dcab43d3f725cfd83820c3b42d523253166569b51940554a142"	"wog:claim:seg:wog:seg:sc1b-war-cries"	"node-support"	"{""status"":""not-applicable""}"	"3"	"{""status"":""present"",""value"":""story:e4b036101a7a:s7""}"	"268"	"323"
"3480df7007cb6dcab43d3f725cfd83820c3b42d523253166569b51940554a142"	"wog:claim:seg:wog:seg:sc1b-war-cries"	"claim-evidence"	"{""status"":""present"",""value"":0}"	"0"	"{""status"":""present"",""value"":""story:e4b036101a7a:s4""}"	"125"	"171"
"3480df7007cb6dcab43d3f725cfd83820c3b42d523253166569b51940554a142"	"wog:claim:seg:wog:seg:sc1b-war-cries"	"claim-evidence"	"{""status"":""present"",""value"":0}"	"1"	"{""status"":""present"",""value"":""story:e4b036101a7a:s5""}"	"172"	"215"
"3480df7007cb6dcab43d3f725cfd83820c3b42d523253166569b51940554a142"	"wog:claim:seg:wog:seg:sc1b-war-cries"	"claim-evidence"	"{""status"":""present"",""value"":0}"	"2"	"{""status"":""present"",""value"":""story:e4b036101a7a:s6""}"	"216"	"267"
"3480df7007cb6dcab43d3f725cfd83820c3b42d523253166569b51940554a142"	"wog:claim:seg:wog:seg:sc1b-war-cries"	"claim-evidence"	"{""status"":""present"",""value"":0}"	"3"	"{""status"":""present"",""value"":""story:e4b036101a7a:s7""}"	"268"	"323"
"3480df7007cb6dcab43d3f725cfd83820c3b42d523253166569b51940554a142"	"wog:claim:seg:wog:seg:sc1c-canoe-arrives"	"node-support"	"{""status"":""not-applicable""}"	"0"	"{""status"":""present"",""value"":""story:e4b036101a7a:s8""}"	"324"	"396"
"3480df7007cb6dcab43d3f725cfd83820c3b42d523253166569b51940554a142"	"wog:claim:seg:wog:seg:sc1c-canoe-arrives"	"node-support"	"{""status"":""not-applicable""}"	"1"	"{""status"":""present"",""value"":""story:e4b036101a7a:s9""}"	"397"	"430"
"3480df7007cb6dcab43d3f725cfd83820c3b42d523253166569b51940554a142"	"wog:claim:seg:wog:seg:sc1c-canoe-arrives"	"claim-evidence"	"{""status"":""present"",""value"":0}"	"0"	"{""status"":""present"",""value"":""story:e4b036101a7a:s8""}"	"324"	"396"
"3480df7007cb6dcab43d3f725cfd83820c3b42d523253166569b51940554a142"	"wog:claim:seg:wog:seg:sc1c-canoe-arrives"	"claim-evidence"	"{""status"":""present"",""value"":0}"	"1"	"{""status"":""present"",""value"":""story:e4b036101a7a:s9""}"	"397"	"430"
"3480df7007cb6dcab43d3f725cfd83820c3b42d523253166569b51940554a142"	"wog:claim:seg:wog:seg:sc2a-invitation"	"node-support"	"{""status"":""not-applicable""}"	"0"	"{""status"":""present"",""value"":""story:e4b036101a7a:s10""}"	"431"	"470"
"3480df7007cb6dcab43d3f725cfd83820c3b42d523253166569b51940554a142"	"wog:claim:seg:wog:seg:sc2a-invitation"	"node-support"	"{""status"":""not-applicable""}"	"1"	"{""status"":""present"",""value"":""story:e4b036101a7a:s11""}"	"471"	"497"
"3480df7007cb6dcab43d3f725cfd83820c3b42d523253166569b51940554a142"	"wog:claim:seg:wog:seg:sc2a-invitation"	"node-support"	"{""status"":""not-applicable""}"	"2"	"{""status"":""present"",""value"":""story:e4b036101a7a:s12""}"	"498"	"551"
"3480df7007cb6dcab43d3f725cfd83820c3b42d523253166569b51940554a142"	"wog:claim:seg:wog:seg:sc2a-invitation"	"node-support"	"{""status"":""not-applicable""}"	"3"	"{""status"":""present"",""value"":""story:e4b036101a7a:s13""}"	"552"	"598"
"3480df7007cb6dcab43d3f725cfd83820c3b42d523253166569b51940554a142"	"wog:claim:seg:wog:seg:sc2a-invitation"	"node-support"	"{""status"":""not-applicable""}"	"4"	"{""status"":""present"",""value"":""story:e4b036101a7a:s14""}"	"599"	"625"
"3480df7007cb6dcab43d3f725cfd83820c3b42d523253166569b51940554a142"	"wog:claim:seg:wog:seg:sc2a-invitation"	"node-support"	"{""status"":""not-applicable""}"	"5"	"{""status"":""present"",""value"":""story:e4b036101a7a:s15""}"	"626"	"684"
"3480df7007cb6dcab43d3f725cfd83820c3b42d523253166569b51940554a142"	"wog:claim:seg:wog:seg:sc2a-invitation"	"node-support"	"{""status"":""not-applicable""}"	"6"	"{""status"":""present"",""value"":""story:e4b036101a7a:s16""}"	"685"	"728"
"3480df7007cb6dcab43d3f725cfd83820c3b42d523253166569b51940554a142"	"wog:claim:seg:wog:seg:sc2a-invitation"	"node-support"	"{""status"":""not-applicable""}"	"7"	"{""status"":""present"",""value"":""story:e4b036101a7a:s17""}"	"729"	"751"
"3480df7007cb6dcab43d3f725cfd83820c3b42d523253166569b51940554a142"	"wog:claim:seg:wog:seg:sc2a-invitation"	"node-support"	"{""status"":""not-applicable""}"	"8"	"{""status"":""present"",""value"":""story:e4b036101a7a:s18""}"	"752"	"780"
"3480df7007cb6dcab43d3f725cfd83820c3b42d523253166569b51940554a142"	"wog:claim:seg:wog:seg:sc2a-invitation"	"claim-evidence"	"{""status"":""present"",""value"":0}"	"0"	"{""status"":""present"",""value"":""story:e4b036101a7a:s10""}"	"431"	"470"
"3480df7007cb6dcab43d3f725cfd83820c3b42d523253166569b51940554a142"	"wog:claim:seg:wog:seg:sc2a-invitation"	"claim-evidence"	"{""status"":""present"",""value"":0}"	"1"	"{""status"":""present"",""value"":""story:e4b036101a7a:s11""}"	"471"	"497"
"3480df7007cb6dcab43d3f725cfd83820c3b42d523253166569b51940554a142"	"wog:claim:seg:wog:seg:sc2a-invitation"	"claim-evidence"	"{""status"":""present"",""value"":0}"	"2"	"{""status"":""present"",""value"":""story:e4b036101a7a:s12""}"	"498"	"551"
"3480df7007cb6dcab43d3f725cfd83820c3b42d523253166569b51940554a142"	"wog:claim:seg:wog:seg:sc2a-invitation"	"claim-evidence"	"{""status"":""present"",""value"":0}"	"3"	"{""status"":""present"",""value"":""story:e4b036101a7a:s13""}"	"552"	"598"
"3480df7007cb6dcab43d3f725cfd83820c3b42d523253166569b51940554a142"	"wog:claim:seg:wog:seg:sc2a-invitation"	"claim-evidence"	"{""status"":""present"",""value"":0}"	"4"	"{""status"":""present"",""value"":""story:e4b036101a7a:s14""}"	"599"	"625"
"3480df7007cb6dcab43d3f725cfd83820c3b42d523253166569b51940554a142"	"wog:claim:seg:wog:seg:sc2a-invitation"	"claim-evidence"	"{""status"":""present"",""value"":0}"	"5"	"{""status"":""present"",""value"":""story:e4b036101a7a:s15""}"	"626"	"684"
"3480df7007cb6dcab43d3f725cfd83820c3b42d523253166569b51940554a142"	"wog:claim:seg:wog:seg:sc2a-invitation"	"claim-evidence"	"{""status"":""present"",""value"":0}"	"6"	"{""status"":""present"",""value"":""story:e4b036101a7a:s16""}"	"685"	"728"
"3480df7007cb6dcab43d3f725cfd83820c3b42d523253166569b51940554a142"	"wog:claim:seg:wog:seg:sc2a-invitation"	"claim-evidence"	"{""status"":""present"",""value"":0}"	"7"	"{""status"":""present"",""value"":""story:e4b036101a7a:s17""}"	"729"	"751"
"3480df7007cb6dcab43d3f725cfd83820c3b42d523253166569b51940554a142"	"wog:claim:seg:wog:seg:sc2a-invitation"	"claim-evidence"	"{""status"":""present"",""value"":0}"	"8"	"{""status"":""present"",""value"":""story:e4b036101a7a:s18""}"	"752"	"780"
"3480df7007cb6dcab43d3f725cfd83820c3b42d523253166569b51940554a142"	"wog:claim:seg:wog:seg:sc2b-parting"	"node-support"	"{""status"":""not-applicable""}"	"0"	"{""status"":""present"",""value"":""story:e4b036101a7a:s19""}"	"781"	"806"
"3480df7007cb6dcab43d3f725cfd83820c3b42d523253166569b51940554a142"	"wog:claim:seg:wog:seg:sc2b-parting"	"node-support"	"{""status"":""not-applicable""}"	"1"	"{""status"":""present"",""value"":""story:e4b036101a7a:s20""}"	"807"	"856"
"3480df7007cb6dcab43d3f725cfd83820c3b42d523253166569b51940554a142"	"wog:claim:seg:wog:seg:sc2b-parting"	"node-support"	"{""status"":""not-applicable""}"	"2"	"{""status"":""present"",""value"":""story:e4b036101a7a:s21""}"	"857"	"912"
"3480df7007cb6dcab43d3f725cfd83820c3b42d523253166569b51940554a142"	"wog:claim:seg:wog:seg:sc2b-parting"	"node-support"	"{""status"":""not-applicable""}"	"3"	"{""status"":""present"",""value"":""story:e4b036101a7a:s22""}"	"913"	"982"
"3480df7007cb6dcab43d3f725cfd83820c3b42d523253166569b51940554a142"	"wog:claim:seg:wog:seg:sc2b-parting"	"claim-evidence"	"{""status"":""present"",""value"":0}"	"0"	"{""status"":""present"",""value"":""story:e4b036101a7a:s19""}"	"781"	"806"
"3480df7007cb6dcab43d3f725cfd83820c3b42d523253166569b51940554a142"	"wog:claim:seg:wog:seg:sc2b-parting"	"claim-evidence"	"{""status"":""present"",""value"":0}"	"1"	"{""status"":""present"",""value"":""story:e4b036101a7a:s20""}"	"807"	"856"
"3480df7007cb6dcab43d3f725cfd83820c3b42d523253166569b51940554a142"	"wog:claim:seg:wog:seg:sc2b-parting"	"claim-evidence"	"{""status"":""present"",""value"":0}"	"2"	"{""status"":""present"",""value"":""story:e4b036101a7a:s21""}"	"857"	"912"
"3480df7007cb6dcab43d3f725cfd83820c3b42d523253166569b51940554a142"	"wog:claim:seg:wog:seg:sc2b-parting"	"claim-evidence"	"{""status"":""present"",""value"":0}"	"3"	"{""status"":""present"",""value"":""story:e4b036101a7a:s22""}"	"913"	"982"
"3480df7007cb6dcab43d3f725cfd83820c3b42d523253166569b51940554a142"	"wog:claim:seg:wog:seg:sc2c-journey-battle"	"node-support"	"{""status"":""not-applicable""}"	"0"	"{""status"":""present"",""value"":""story:e4b036101a7a:s23""}"	"984"	"1007"
"3480df7007cb6dcab43d3f725cfd83820c3b42d523253166569b51940554a142"	"wog:claim:seg:wog:seg:sc2c-journey-battle"	"node-support"	"{""status"":""not-applicable""}"	"1"	"{""status"":""present"",""value"":""story:e4b036101a7a:s24""}"	"1008"	"1048"
"3480df7007cb6dcab43d3f725cfd83820c3b42d523253166569b51940554a142"	"wog:claim:seg:wog:seg:sc2c-journey-battle"	"node-support"	"{""status"":""not-applicable""}"	"2"	"{""status"":""present"",""value"":""story:e4b036101a7a:s25""}"	"1049"	"1098"
"3480df7007cb6dcab43d3f725cfd83820c3b42d523253166569b51940554a142"	"wog:claim:seg:wog:seg:sc2c-journey-battle"	"node-support"	"{""status"":""not-applicable""}"	"3"	"{""status"":""present"",""value"":""story:e4b036101a7a:s26""}"	"1099"	"1157"
"3480df7007cb6dcab43d3f725cfd83820c3b42d523253166569b51940554a142"	"wog:claim:seg:wog:seg:sc2c-journey-battle"	"node-support"	"{""status"":""not-applicable""}"	"4"	"{""status"":""present"",""value"":""story:e4b036101a7a:s27""}"	"1158"	"1193"
"3480df7007cb6dcab43d3f725cfd83820c3b42d523253166569b51940554a142"	"wog:claim:seg:wog:seg:sc2c-journey-battle"	"node-support"	"{""status"":""not-applicable""}"	"5"	"{""status"":""present"",""value"":""story:e4b036101a7a:s28""}"	"1194"	"1281"
"3480df7007cb6dcab43d3f725cfd83820c3b42d523253166569b51940554a142"	"wog:claim:seg:wog:seg:sc2c-journey-battle"	"node-support"	"{""status"":""not-applicable""}"	"6"	"{""status"":""present"",""value"":""story:e4b036101a7a:s29""}"	"1282"	"1317"
"3480df7007cb6dcab43d3f725cfd83820c3b42d523253166569b51940554a142"	"wog:claim:seg:wog:seg:sc2c-journey-battle"	"claim-evidence"	"{""status"":""present"",""value"":0}"	"0"	"{""status"":""present"",""value"":""story:e4b036101a7a:s23""}"	"984"	"1007"
"3480df7007cb6dcab43d3f725cfd83820c3b42d523253166569b51940554a142"	"wog:claim:seg:wog:seg:sc2c-journey-battle"	"claim-evidence"	"{""status"":""present"",""value"":0}"	"1"	"{""status"":""present"",""value"":""story:e4b036101a7a:s24""}"	"1008"	"1048"
"3480df7007cb6dcab43d3f725cfd83820c3b42d523253166569b51940554a142"	"wog:claim:seg:wog:seg:sc2c-journey-battle"	"claim-evidence"	"{""status"":""present"",""value"":0}"	"2"	"{""status"":""present"",""value"":""story:e4b036101a7a:s25""}"	"1049"	"1098"
"3480df7007cb6dcab43d3f725cfd83820c3b42d523253166569b51940554a142"	"wog:claim:seg:wog:seg:sc2c-journey-battle"	"claim-evidence"	"{""status"":""present"",""value"":0}"	"3"	"{""status"":""present"",""value"":""story:e4b036101a7a:s26""}"	"1099"	"1157"
"3480df7007cb6dcab43d3f725cfd83820c3b42d523253166569b51940554a142"	"wog:claim:seg:wog:seg:sc2c-journey-battle"	"claim-evidence"	"{""status"":""present"",""value"":0}"	"4"	"{""status"":""present"",""value"":""story:e4b036101a7a:s27""}"	"1158"	"1193"
"3480df7007cb6dcab43d3f725cfd83820c3b42d523253166569b51940554a142"	"wog:claim:seg:wog:seg:sc2c-journey-battle"	"claim-evidence"	"{""status"":""present"",""value"":0}"	"5"	"{""status"":""present"",""value"":""story:e4b036101a7a:s28""}"	"1194"	"1281"
"3480df7007cb6dcab43d3f725cfd83820c3b42d523253166569b51940554a142"	"wog:claim:seg:wog:seg:sc2c-journey-battle"	"claim-evidence"	"{""status"":""present"",""value"":0}"	"6"	"{""status"":""present"",""value"":""story:e4b036101a7a:s29""}"	"1282"	"1317"
"3480df7007cb6dcab43d3f725cfd83820c3b42d523253166569b51940554a142"	"wog:claim:seg:wog:seg:sc3a-retreat"	"node-support"	"{""status"":""not-applicable""}"	"0"	"{""status"":""present"",""value"":""story:e4b036101a7a:s30""}"	"1318"	"1391"
"3480df7007cb6dcab43d3f725cfd83820c3b42d523253166569b51940554a142"	"wog:claim:seg:wog:seg:sc3a-retreat"	"node-support"	"{""status"":""not-applicable""}"	"1"	"{""status"":""present"",""value"":""story:e4b036101a7a:s31""}"	"1392"	"1430"
"3480df7007cb6dcab43d3f725cfd83820c3b42d523253166569b51940554a142"	"wog:claim:seg:wog:seg:sc3a-retreat"	"node-support"	"{""status"":""not-applicable""}"	"2"	"{""status"":""present"",""value"":""story:e4b036101a7a:s32""}"	"1431"	"1483"
"3480df7007cb6dcab43d3f725cfd83820c3b42d523253166569b51940554a142"	"wog:claim:seg:wog:seg:sc3a-retreat"	"node-support"	"{""status"":""not-applicable""}"	"3"	"{""status"":""present"",""value"":""story:e4b036101a7a:s33""}"	"1484"	"1510"
"3480df7007cb6dcab43d3f725cfd83820c3b42d523253166569b51940554a142"	"wog:claim:seg:wog:seg:sc3a-retreat"	"node-support"	"{""status"":""not-applicable""}"	"4"	"{""status"":""present"",""value"":""story:e4b036101a7a:s34""}"	"1511"	"1534"
"3480df7007cb6dcab43d3f725cfd83820c3b42d523253166569b51940554a142"	"wog:claim:seg:wog:seg:sc3a-retreat"	"node-support"	"{""status"":""not-applicable""}"	"5"	"{""status"":""present"",""value"":""story:e4b036101a7a:s35""}"	"1535"	"1581"
"3480df7007cb6dcab43d3f725cfd83820c3b42d523253166569b51940554a142"	"wog:claim:seg:wog:seg:sc3a-retreat"	"node-support"	"{""status"":""not-applicable""}"	"6"	"{""status"":""present"",""value"":""story:e4b036101a7a:s36""}"	"1582"	"1613"
"3480df7007cb6dcab43d3f725cfd83820c3b42d523253166569b51940554a142"	"wog:claim:seg:wog:seg:sc3a-retreat"	"claim-evidence"	"{""status"":""present"",""value"":0}"	"0"	"{""status"":""present"",""value"":""story:e4b036101a7a:s30""}"	"1318"	"1391"
"3480df7007cb6dcab43d3f725cfd83820c3b42d523253166569b51940554a142"	"wog:claim:seg:wog:seg:sc3a-retreat"	"claim-evidence"	"{""status"":""present"",""value"":0}"	"1"	"{""status"":""present"",""value"":""story:e4b036101a7a:s31""}"	"1392"	"1430"
"3480df7007cb6dcab43d3f725cfd83820c3b42d523253166569b51940554a142"	"wog:claim:seg:wog:seg:sc3a-retreat"	"claim-evidence"	"{""status"":""present"",""value"":0}"	"2"	"{""status"":""present"",""value"":""story:e4b036101a7a:s32""}"	"1431"	"1483"
"3480df7007cb6dcab43d3f725cfd83820c3b42d523253166569b51940554a142"	"wog:claim:seg:wog:seg:sc3a-retreat"	"claim-evidence"	"{""status"":""present"",""value"":0}"	"3"	"{""status"":""present"",""value"":""story:e4b036101a7a:s33""}"	"1484"	"1510"
"3480df7007cb6dcab43d3f725cfd83820c3b42d523253166569b51940554a142"	"wog:claim:seg:wog:seg:sc3a-retreat"	"claim-evidence"	"{""status"":""present"",""value"":0}"	"4"	"{""status"":""present"",""value"":""story:e4b036101a7a:s34""}"	"1511"	"1534"
"3480df7007cb6dcab43d3f725cfd83820c3b42d523253166569b51940554a142"	"wog:claim:seg:wog:seg:sc3a-retreat"	"claim-evidence"	"{""status"":""present"",""value"":0}"	"5"	"{""status"":""present"",""value"":""story:e4b036101a7a:s35""}"	"1535"	"1581"
"3480df7007cb6dcab43d3f725cfd83820c3b42d523253166569b51940554a142"	"wog:claim:seg:wog:seg:sc3a-retreat"	"claim-evidence"	"{""status"":""present"",""value"":0}"	"6"	"{""status"":""present"",""value"":""story:e4b036101a7a:s36""}"	"1582"	"1613"
"3480df7007cb6dcab43d3f725cfd83820c3b42d523253166569b51940554a142"	"wog:claim:seg:wog:seg:sc3b-recounting"	"node-support"	"{""status"":""not-applicable""}"	"0"	"{""status"":""present"",""value"":""story:e4b036101a7a:s37""}"	"1614"	"1654"
"3480df7007cb6dcab43d3f725cfd83820c3b42d523253166569b51940554a142"	"wog:claim:seg:wog:seg:sc3b-recounting"	"node-support"	"{""status"":""not-applicable""}"	"1"	"{""status"":""present"",""value"":""story:e4b036101a7a:s38""}"	"1655"	"1723"
"3480df7007cb6dcab43d3f725cfd83820c3b42d523253166569b51940554a142"	"wog:claim:seg:wog:seg:sc3b-recounting"	"node-support"	"{""status"":""not-applicable""}"	"2"	"{""status"":""present"",""value"":""story:e4b036101a7a:s39""}"	"1724"	"1765"
"3480df7007cb6dcab43d3f725cfd83820c3b42d523253166569b51940554a142"	"wog:claim:seg:wog:seg:sc3b-recounting"	"node-support"	"{""status"":""not-applicable""}"	"3"	"{""status"":""present"",""value"":""story:e4b036101a7a:s40""}"	"1766"	"1847"
"3480df7007cb6dcab43d3f725cfd83820c3b42d523253166569b51940554a142"	"wog:claim:seg:wog:seg:sc3b-recounting"	"node-support"	"{""status"":""not-applicable""}"	"4"	"{""status"":""present"",""value"":""story:e4b036101a7a:s41""}"	"1848"	"1900"
"3480df7007cb6dcab43d3f725cfd83820c3b42d523253166569b51940554a142"	"wog:claim:seg:wog:seg:sc3b-recounting"	"node-support"	"{""status"":""not-applicable""}"	"5"	"{""status"":""present"",""value"":""story:e4b036101a7a:s42""}"	"1901"	"1942"
"3480df7007cb6dcab43d3f725cfd83820c3b42d523253166569b51940554a142"	"wog:claim:seg:wog:seg:sc3b-recounting"	"node-support"	"{""status"":""not-applicable""}"	"6"	"{""status"":""present"",""value"":""story:e4b036101a7a:s43""}"	"1943"	"1987"
"3480df7007cb6dcab43d3f725cfd83820c3b42d523253166569b51940554a142"	"wog:claim:seg:wog:seg:sc3b-recounting"	"claim-evidence"	"{""status"":""present"",""value"":0}"	"0"	"{""status"":""present"",""value"":""story:e4b036101a7a:s37""}"	"1614"	"1654"
"3480df7007cb6dcab43d3f725cfd83820c3b42d523253166569b51940554a142"	"wog:claim:seg:wog:seg:sc3b-recounting"	"claim-evidence"	"{""status"":""present"",""value"":0}"	"1"	"{""status"":""present"",""value"":""story:e4b036101a7a:s38""}"	"1655"	"1723"
"3480df7007cb6dcab43d3f725cfd83820c3b42d523253166569b51940554a142"	"wog:claim:seg:wog:seg:sc3b-recounting"	"claim-evidence"	"{""status"":""present"",""value"":0}"	"2"	"{""status"":""present"",""value"":""story:e4b036101a7a:s39""}"	"1724"	"1765"
"3480df7007cb6dcab43d3f725cfd83820c3b42d523253166569b51940554a142"	"wog:claim:seg:wog:seg:sc3b-recounting"	"claim-evidence"	"{""status"":""present"",""value"":0}"	"3"	"{""status"":""present"",""value"":""story:e4b036101a7a:s40""}"	"1766"	"1847"
"3480df7007cb6dcab43d3f725cfd83820c3b42d523253166569b51940554a142"	"wog:claim:seg:wog:seg:sc3b-recounting"	"claim-evidence"	"{""status"":""present"",""value"":0}"	"4"	"{""status"":""present"",""value"":""story:e4b036101a7a:s41""}"	"1848"	"1900"
"3480df7007cb6dcab43d3f725cfd83820c3b42d523253166569b51940554a142"	"wog:claim:seg:wog:seg:sc3b-recounting"	"claim-evidence"	"{""status"":""present"",""value"":0}"	"5"	"{""status"":""present"",""value"":""story:e4b036101a7a:s42""}"	"1901"	"1942"
"3480df7007cb6dcab43d3f725cfd83820c3b42d523253166569b51940554a142"	"wog:claim:seg:wog:seg:sc3b-recounting"	"claim-evidence"	"{""status"":""present"",""value"":0}"	"6"	"{""status"":""present"",""value"":""story:e4b036101a7a:s43""}"	"1943"	"1987"
"3480df7007cb6dcab43d3f725cfd83820c3b42d523253166569b51940554a142"	"wog:claim:seg:wog:seg:sc3c-death"	"node-support"	"{""status"":""not-applicable""}"	"0"	"{""status"":""present"",""value"":""story:e4b036101a7a:s44""}"	"1988"	"2020"
"3480df7007cb6dcab43d3f725cfd83820c3b42d523253166569b51940554a142"	"wog:claim:seg:wog:seg:sc3c-death"	"node-support"	"{""status"":""not-applicable""}"	"1"	"{""status"":""present"",""value"":""story:e4b036101a7a:s45""}"	"2021"	"2090"
"3480df7007cb6dcab43d3f725cfd83820c3b42d523253166569b51940554a142"	"wog:claim:seg:wog:seg:sc3c-death"	"node-support"	"{""status"":""not-applicable""}"	"2"	"{""status"":""present"",""value"":""story:e4b036101a7a:s46""}"	"2091"	"2117"
"3480df7007cb6dcab43d3f725cfd83820c3b42d523253166569b51940554a142"	"wog:claim:seg:wog:seg:sc3c-death"	"node-support"	"{""status"":""not-applicable""}"	"3"	"{""status"":""present"",""value"":""story:e4b036101a7a:s47""}"	"2118"	"2130"
"3480df7007cb6dcab43d3f725cfd83820c3b42d523253166569b51940554a142"	"wog:claim:seg:wog:seg:sc3c-death"	"node-support"	"{""status"":""not-applicable""}"	"4"	"{""status"":""present"",""value"":""story:e4b036101a7a:s48""}"	"2131"	"2162"
"3480df7007cb6dcab43d3f725cfd83820c3b42d523253166569b51940554a142"	"wog:claim:seg:wog:seg:sc3c-death"	"node-support"	"{""status"":""not-applicable""}"	"5"	"{""status"":""present"",""value"":""story:e4b036101a7a:s49""}"	"2163"	"2180"
"3480df7007cb6dcab43d3f725cfd83820c3b42d523253166569b51940554a142"	"wog:claim:seg:wog:seg:sc3c-death"	"claim-evidence"	"{""status"":""present"",""value"":0}"	"0"	"{""status"":""present"",""value"":""story:e4b036101a7a:s44""}"	"1988"	"2020"
"3480df7007cb6dcab43d3f725cfd83820c3b42d523253166569b51940554a142"	"wog:claim:seg:wog:seg:sc3c-death"	"claim-evidence"	"{""status"":""present"",""value"":0}"	"1"	"{""status"":""present"",""value"":""story:e4b036101a7a:s45""}"	"2021"	"2090"
"3480df7007cb6dcab43d3f725cfd83820c3b42d523253166569b51940554a142"	"wog:claim:seg:wog:seg:sc3c-death"	"claim-evidence"	"{""status"":""present"",""value"":0}"	"2"	"{""status"":""present"",""value"":""story:e4b036101a7a:s46""}"	"2091"	"2117"
"3480df7007cb6dcab43d3f725cfd83820c3b42d523253166569b51940554a142"	"wog:claim:seg:wog:seg:sc3c-death"	"claim-evidence"	"{""status"":""present"",""value"":0}"	"3"	"{""status"":""present"",""value"":""story:e4b036101a7a:s47""}"	"2118"	"2130"
"3480df7007cb6dcab43d3f725cfd83820c3b42d523253166569b51940554a142"	"wog:claim:seg:wog:seg:sc3c-death"	"claim-evidence"	"{""status"":""present"",""value"":0}"	"4"	"{""status"":""present"",""value"":""story:e4b036101a7a:s48""}"	"2131"	"2162"
"3480df7007cb6dcab43d3f725cfd83820c3b42d523253166569b51940554a142"	"wog:claim:seg:wog:seg:sc3c-death"	"claim-evidence"	"{""status"":""present"",""value"":0}"	"5"	"{""status"":""present"",""value"":""story:e4b036101a7a:s49""}"	"2163"	"2180"
"3480df7007cb6dcab43d3f725cfd83820c3b42d523253166569b51940554a142"	"wog:claim:seg:wog:seg:story"	"node-support"	"{""status"":""not-applicable""}"	"0"	"{""status"":""present"",""value"":""story:e4b036101a7a:s0""}"	"0"	"28"
"3480df7007cb6dcab43d3f725cfd83820c3b42d523253166569b51940554a142"	"wog:claim:seg:wog:seg:story"	"node-support"	"{""status"":""not-applicable""}"	"1"	"{""status"":""present"",""value"":""story:e4b036101a7a:s1""}"	"29"	"72"
"3480df7007cb6dcab43d3f725cfd83820c3b42d523253166569b51940554a142"	"wog:claim:seg:wog:seg:story"	"node-support"	"{""status"":""not-applicable""}"	"2"	"{""status"":""present"",""value"":""story:e4b036101a7a:s2""}"	"73"	"98"
"3480df7007cb6dcab43d3f725cfd83820c3b42d523253166569b51940554a142"	"wog:claim:seg:wog:seg:story"	"node-support"	"{""status"":""not-applicable""}"	"3"	"{""status"":""present"",""value"":""story:e4b036101a7a:s3""}"	"99"	"124"
"3480df7007cb6dcab43d3f725cfd83820c3b42d523253166569b51940554a142"	"wog:claim:seg:wog:seg:story"	"node-support"	"{""status"":""not-applicable""}"	"4"	"{""status"":""present"",""value"":""story:e4b036101a7a:s4""}"	"125"	"171"
"3480df7007cb6dcab43d3f725cfd83820c3b42d523253166569b51940554a142"	"wog:claim:seg:wog:seg:story"	"node-support"	"{""status"":""not-applicable""}"	"5"	"{""status"":""present"",""value"":""story:e4b036101a7a:s5""}"	"172"	"215"
"3480df7007cb6dcab43d3f725cfd83820c3b42d523253166569b51940554a142"	"wog:claim:seg:wog:seg:story"	"node-support"	"{""status"":""not-applicable""}"	"6"	"{""status"":""present"",""value"":""story:e4b036101a7a:s6""}"	"216"	"267"
"3480df7007cb6dcab43d3f725cfd83820c3b42d523253166569b51940554a142"	"wog:claim:seg:wog:seg:story"	"node-support"	"{""status"":""not-applicable""}"	"7"	"{""status"":""present"",""value"":""story:e4b036101a7a:s7""}"	"268"	"323"
"3480df7007cb6dcab43d3f725cfd83820c3b42d523253166569b51940554a142"	"wog:claim:seg:wog:seg:story"	"node-support"	"{""status"":""not-applicable""}"	"8"	"{""status"":""present"",""value"":""story:e4b036101a7a:s8""}"	"324"	"396"
"3480df7007cb6dcab43d3f725cfd83820c3b42d523253166569b51940554a142"	"wog:claim:seg:wog:seg:story"	"node-support"	"{""status"":""not-applicable""}"	"9"	"{""status"":""present"",""value"":""story:e4b036101a7a:s9""}"	"397"	"430"
"3480df7007cb6dcab43d3f725cfd83820c3b42d523253166569b51940554a142"	"wog:claim:seg:wog:seg:story"	"node-support"	"{""status"":""not-applicable""}"	"10"	"{""status"":""present"",""value"":""story:e4b036101a7a:s10""}"	"431"	"470"
"3480df7007cb6dcab43d3f725cfd83820c3b42d523253166569b51940554a142"	"wog:claim:seg:wog:seg:story"	"node-support"	"{""status"":""not-applicable""}"	"11"	"{""status"":""present"",""value"":""story:e4b036101a7a:s11""}"	"471"	"497"
"3480df7007cb6dcab43d3f725cfd83820c3b42d523253166569b51940554a142"	"wog:claim:seg:wog:seg:story"	"node-support"	"{""status"":""not-applicable""}"	"12"	"{""status"":""present"",""value"":""story:e4b036101a7a:s12""}"	"498"	"551"
"3480df7007cb6dcab43d3f725cfd83820c3b42d523253166569b51940554a142"	"wog:claim:seg:wog:seg:story"	"node-support"	"{""status"":""not-applicable""}"	"13"	"{""status"":""present"",""value"":""story:e4b036101a7a:s13""}"	"552"	"598"
"3480df7007cb6dcab43d3f725cfd83820c3b42d523253166569b51940554a142"	"wog:claim:seg:wog:seg:story"	"node-support"	"{""status"":""not-applicable""}"	"14"	"{""status"":""present"",""value"":""story:e4b036101a7a:s14""}"	"599"	"625"
"3480df7007cb6dcab43d3f725cfd83820c3b42d523253166569b51940554a142"	"wog:claim:seg:wog:seg:story"	"node-support"	"{""status"":""not-applicable""}"	"15"	"{""status"":""present"",""value"":""story:e4b036101a7a:s15""}"	"626"	"684"
"3480df7007cb6dcab43d3f725cfd83820c3b42d523253166569b51940554a142"	"wog:claim:seg:wog:seg:story"	"node-support"	"{""status"":""not-applicable""}"	"16"	"{""status"":""present"",""value"":""story:e4b036101a7a:s16""}"	"685"	"728"
"3480df7007cb6dcab43d3f725cfd83820c3b42d523253166569b51940554a142"	"wog:claim:seg:wog:seg:story"	"node-support"	"{""status"":""not-applicable""}"	"17"	"{""status"":""present"",""value"":""story:e4b036101a7a:s17""}"	"729"	"751"
"3480df7007cb6dcab43d3f725cfd83820c3b42d523253166569b51940554a142"	"wog:claim:seg:wog:seg:story"	"node-support"	"{""status"":""not-applicable""}"	"18"	"{""status"":""present"",""value"":""story:e4b036101a7a:s18""}"	"752"	"780"
"3480df7007cb6dcab43d3f725cfd83820c3b42d523253166569b51940554a142"	"wog:claim:seg:wog:seg:story"	"node-support"	"{""status"":""not-applicable""}"	"19"	"{""status"":""present"",""value"":""story:e4b036101a7a:s19""}"	"781"	"806"
"3480df7007cb6dcab43d3f725cfd83820c3b42d523253166569b51940554a142"	"wog:claim:seg:wog:seg:story"	"node-support"	"{""status"":""not-applicable""}"	"20"	"{""status"":""present"",""value"":""story:e4b036101a7a:s20""}"	"807"	"856"
"3480df7007cb6dcab43d3f725cfd83820c3b42d523253166569b51940554a142"	"wog:claim:seg:wog:seg:story"	"node-support"	"{""status"":""not-applicable""}"	"21"	"{""status"":""present"",""value"":""story:e4b036101a7a:s21""}"	"857"	"912"
"3480df7007cb6dcab43d3f725cfd83820c3b42d523253166569b51940554a142"	"wog:claim:seg:wog:seg:story"	"node-support"	"{""status"":""not-applicable""}"	"22"	"{""status"":""present"",""value"":""story:e4b036101a7a:s22""}"	"913"	"982"
"3480df7007cb6dcab43d3f725cfd83820c3b42d523253166569b51940554a142"	"wog:claim:seg:wog:seg:story"	"node-support"	"{""status"":""not-applicable""}"	"23"	"{""status"":""present"",""value"":""story:e4b036101a7a:s23""}"	"984"	"1007"
"3480df7007cb6dcab43d3f725cfd83820c3b42d523253166569b51940554a142"	"wog:claim:seg:wog:seg:story"	"node-support"	"{""status"":""not-applicable""}"	"24"	"{""status"":""present"",""value"":""story:e4b036101a7a:s24""}"	"1008"	"1048"
"3480df7007cb6dcab43d3f725cfd83820c3b42d523253166569b51940554a142"	"wog:claim:seg:wog:seg:story"	"node-support"	"{""status"":""not-applicable""}"	"25"	"{""status"":""present"",""value"":""story:e4b036101a7a:s25""}"	"1049"	"1098"
"3480df7007cb6dcab43d3f725cfd83820c3b42d523253166569b51940554a142"	"wog:claim:seg:wog:seg:story"	"node-support"	"{""status"":""not-applicable""}"	"26"	"{""status"":""present"",""value"":""story:e4b036101a7a:s26""}"	"1099"	"1157"
"3480df7007cb6dcab43d3f725cfd83820c3b42d523253166569b51940554a142"	"wog:claim:seg:wog:seg:story"	"node-support"	"{""status"":""not-applicable""}"	"27"	"{""status"":""present"",""value"":""story:e4b036101a7a:s27""}"	"1158"	"1193"
"3480df7007cb6dcab43d3f725cfd83820c3b42d523253166569b51940554a142"	"wog:claim:seg:wog:seg:story"	"node-support"	"{""status"":""not-applicable""}"	"28"	"{""status"":""present"",""value"":""story:e4b036101a7a:s28""}"	"1194"	"1281"
"3480df7007cb6dcab43d3f725cfd83820c3b42d523253166569b51940554a142"	"wog:claim:seg:wog:seg:story"	"node-support"	"{""status"":""not-applicable""}"	"29"	"{""status"":""present"",""value"":""story:e4b036101a7a:s29""}"	"1282"	"1317"
"3480df7007cb6dcab43d3f725cfd83820c3b42d523253166569b51940554a142"	"wog:claim:seg:wog:seg:story"	"node-support"	"{""status"":""not-applicable""}"	"30"	"{""status"":""present"",""value"":""story:e4b036101a7a:s30""}"	"1318"	"1391"
"3480df7007cb6dcab43d3f725cfd83820c3b42d523253166569b51940554a142"	"wog:claim:seg:wog:seg:story"	"node-support"	"{""status"":""not-applicable""}"	"31"	"{""status"":""present"",""value"":""story:e4b036101a7a:s31""}"	"1392"	"1430"
"3480df7007cb6dcab43d3f725cfd83820c3b42d523253166569b51940554a142"	"wog:claim:seg:wog:seg:story"	"node-support"	"{""status"":""not-applicable""}"	"32"	"{""status"":""present"",""value"":""story:e4b036101a7a:s32""}"	"1431"	"1483"
"3480df7007cb6dcab43d3f725cfd83820c3b42d523253166569b51940554a142"	"wog:claim:seg:wog:seg:story"	"node-support"	"{""status"":""not-applicable""}"	"33"	"{""status"":""present"",""value"":""story:e4b036101a7a:s33""}"	"1484"	"1510"
"3480df7007cb6dcab43d3f725cfd83820c3b42d523253166569b51940554a142"	"wog:claim:seg:wog:seg:story"	"node-support"	"{""status"":""not-applicable""}"	"34"	"{""status"":""present"",""value"":""story:e4b036101a7a:s34""}"	"1511"	"1534"
"3480df7007cb6dcab43d3f725cfd83820c3b42d523253166569b51940554a142"	"wog:claim:seg:wog:seg:story"	"node-support"	"{""status"":""not-applicable""}"	"35"	"{""status"":""present"",""value"":""story:e4b036101a7a:s35""}"	"1535"	"1581"
"3480df7007cb6dcab43d3f725cfd83820c3b42d523253166569b51940554a142"	"wog:claim:seg:wog:seg:story"	"node-support"	"{""status"":""not-applicable""}"	"36"	"{""status"":""present"",""value"":""story:e4b036101a7a:s36""}"	"1582"	"1613"
"3480df7007cb6dcab43d3f725cfd83820c3b42d523253166569b51940554a142"	"wog:claim:seg:wog:seg:story"	"node-support"	"{""status"":""not-applicable""}"	"37"	"{""status"":""present"",""value"":""story:e4b036101a7a:s37""}"	"1614"	"1654"
"3480df7007cb6dcab43d3f725cfd83820c3b42d523253166569b51940554a142"	"wog:claim:seg:wog:seg:story"	"node-support"	"{""status"":""not-applicable""}"	"38"	"{""status"":""present"",""value"":""story:e4b036101a7a:s38""}"	"1655"	"1723"
"3480df7007cb6dcab43d3f725cfd83820c3b42d523253166569b51940554a142"	"wog:claim:seg:wog:seg:story"	"node-support"	"{""status"":""not-applicable""}"	"39"	"{""status"":""present"",""value"":""story:e4b036101a7a:s39""}"	"1724"	"1765"
"3480df7007cb6dcab43d3f725cfd83820c3b42d523253166569b51940554a142"	"wog:claim:seg:wog:seg:story"	"node-support"	"{""status"":""not-applicable""}"	"40"	"{""status"":""present"",""value"":""story:e4b036101a7a:s40""}"	"1766"	"1847"
"3480df7007cb6dcab43d3f725cfd83820c3b42d523253166569b51940554a142"	"wog:claim:seg:wog:seg:story"	"node-support"	"{""status"":""not-applicable""}"	"41"	"{""status"":""present"",""value"":""story:e4b036101a7a:s41""}"	"1848"	"1900"
"3480df7007cb6dcab43d3f725cfd83820c3b42d523253166569b51940554a142"	"wog:claim:seg:wog:seg:story"	"node-support"	"{""status"":""not-applicable""}"	"42"	"{""status"":""present"",""value"":""story:e4b036101a7a:s42""}"	"1901"	"1942"
"3480df7007cb6dcab43d3f725cfd83820c3b42d523253166569b51940554a142"	"wog:claim:seg:wog:seg:story"	"node-support"	"{""status"":""not-applicable""}"	"43"	"{""status"":""present"",""value"":""story:e4b036101a7a:s43""}"	"1943"	"1987"
"3480df7007cb6dcab43d3f725cfd83820c3b42d523253166569b51940554a142"	"wog:claim:seg:wog:seg:story"	"node-support"	"{""status"":""not-applicable""}"	"44"	"{""status"":""present"",""value"":""story:e4b036101a7a:s44""}"	"1988"	"2020"
"3480df7007cb6dcab43d3f725cfd83820c3b42d523253166569b51940554a142"	"wog:claim:seg:wog:seg:story"	"node-support"	"{""status"":""not-applicable""}"	"45"	"{""status"":""present"",""value"":""story:e4b036101a7a:s45""}"	"2021"	"2090"
"3480df7007cb6dcab43d3f725cfd83820c3b42d523253166569b51940554a142"	"wog:claim:seg:wog:seg:story"	"node-support"	"{""status"":""not-applicable""}"	"46"	"{""status"":""present"",""value"":""story:e4b036101a7a:s46""}"	"2091"	"2117"
"3480df7007cb6dcab43d3f725cfd83820c3b42d523253166569b51940554a142"	"wog:claim:seg:wog:seg:story"	"node-support"	"{""status"":""not-applicable""}"	"47"	"{""status"":""present"",""value"":""story:e4b036101a7a:s47""}"	"2118"	"2130"
"3480df7007cb6dcab43d3f725cfd83820c3b42d523253166569b51940554a142"	"wog:claim:seg:wog:seg:story"	"node-support"	"{""status"":""not-applicable""}"	"48"	"{""status"":""present"",""value"":""story:e4b036101a7a:s48""}"	"2131"	"2162"
"3480df7007cb6dcab43d3f725cfd83820c3b42d523253166569b51940554a142"	"wog:claim:seg:wog:seg:story"	"node-support"	"{""status"":""not-applicable""}"	"49"	"{""status"":""present"",""value"":""story:e4b036101a7a:s49""}"	"2163"	"2180"
"3480df7007cb6dcab43d3f725cfd83820c3b42d523253166569b51940554a142"	"wog:claim:seg:wog:seg:story"	"claim-evidence"	"{""status"":""present"",""value"":0}"	"0"	"{""status"":""present"",""value"":""story:e4b036101a7a:s0""}"	"0"	"28"
"3480df7007cb6dcab43d3f725cfd83820c3b42d523253166569b51940554a142"	"wog:claim:seg:wog:seg:story"	"claim-evidence"	"{""status"":""present"",""value"":0}"	"1"	"{""status"":""present"",""value"":""story:e4b036101a7a:s1""}"	"29"	"72"
"3480df7007cb6dcab43d3f725cfd83820c3b42d523253166569b51940554a142"	"wog:claim:seg:wog:seg:story"	"claim-evidence"	"{""status"":""present"",""value"":0}"	"2"	"{""status"":""present"",""value"":""story:e4b036101a7a:s2""}"	"73"	"98"
"3480df7007cb6dcab43d3f725cfd83820c3b42d523253166569b51940554a142"	"wog:claim:seg:wog:seg:story"	"claim-evidence"	"{""status"":""present"",""value"":0}"	"3"	"{""status"":""present"",""value"":""story:e4b036101a7a:s3""}"	"99"	"124"
"3480df7007cb6dcab43d3f725cfd83820c3b42d523253166569b51940554a142"	"wog:claim:seg:wog:seg:story"	"claim-evidence"	"{""status"":""present"",""value"":0}"	"4"	"{""status"":""present"",""value"":""story:e4b036101a7a:s4""}"	"125"	"171"
"3480df7007cb6dcab43d3f725cfd83820c3b42d523253166569b51940554a142"	"wog:claim:seg:wog:seg:story"	"claim-evidence"	"{""status"":""present"",""value"":0}"	"5"	"{""status"":""present"",""value"":""story:e4b036101a7a:s5""}"	"172"	"215"
"3480df7007cb6dcab43d3f725cfd83820c3b42d523253166569b51940554a142"	"wog:claim:seg:wog:seg:story"	"claim-evidence"	"{""status"":""present"",""value"":0}"	"6"	"{""status"":""present"",""value"":""story:e4b036101a7a:s6""}"	"216"	"267"
"3480df7007cb6dcab43d3f725cfd83820c3b42d523253166569b51940554a142"	"wog:claim:seg:wog:seg:story"	"claim-evidence"	"{""status"":""present"",""value"":0}"	"7"	"{""status"":""present"",""value"":""story:e4b036101a7a:s7""}"	"268"	"323"
"3480df7007cb6dcab43d3f725cfd83820c3b42d523253166569b51940554a142"	"wog:claim:seg:wog:seg:story"	"claim-evidence"	"{""status"":""present"",""value"":0}"	"8"	"{""status"":""present"",""value"":""story:e4b036101a7a:s8""}"	"324"	"396"
"3480df7007cb6dcab43d3f725cfd83820c3b42d523253166569b51940554a142"	"wog:claim:seg:wog:seg:story"	"claim-evidence"	"{""status"":""present"",""value"":0}"	"9"	"{""status"":""present"",""value"":""story:e4b036101a7a:s9""}"	"397"	"430"
"3480df7007cb6dcab43d3f725cfd83820c3b42d523253166569b51940554a142"	"wog:claim:seg:wog:seg:story"	"claim-evidence"	"{""status"":""present"",""value"":0}"	"10"	"{""status"":""present"",""value"":""story:e4b036101a7a:s10""}"	"431"	"470"
"3480df7007cb6dcab43d3f725cfd83820c3b42d523253166569b51940554a142"	"wog:claim:seg:wog:seg:story"	"claim-evidence"	"{""status"":""present"",""value"":0}"	"11"	"{""status"":""present"",""value"":""story:e4b036101a7a:s11""}"	"471"	"497"
"3480df7007cb6dcab43d3f725cfd83820c3b42d523253166569b51940554a142"	"wog:claim:seg:wog:seg:story"	"claim-evidence"	"{""status"":""present"",""value"":0}"	"12"	"{""status"":""present"",""value"":""story:e4b036101a7a:s12""}"	"498"	"551"
"3480df7007cb6dcab43d3f725cfd83820c3b42d523253166569b51940554a142"	"wog:claim:seg:wog:seg:story"	"claim-evidence"	"{""status"":""present"",""value"":0}"	"13"	"{""status"":""present"",""value"":""story:e4b036101a7a:s13""}"	"552"	"598"
"3480df7007cb6dcab43d3f725cfd83820c3b42d523253166569b51940554a142"	"wog:claim:seg:wog:seg:story"	"claim-evidence"	"{""status"":""present"",""value"":0}"	"14"	"{""status"":""present"",""value"":""story:e4b036101a7a:s14""}"	"599"	"625"
"3480df7007cb6dcab43d3f725cfd83820c3b42d523253166569b51940554a142"	"wog:claim:seg:wog:seg:story"	"claim-evidence"	"{""status"":""present"",""value"":0}"	"15"	"{""status"":""present"",""value"":""story:e4b036101a7a:s15""}"	"626"	"684"
"3480df7007cb6dcab43d3f725cfd83820c3b42d523253166569b51940554a142"	"wog:claim:seg:wog:seg:story"	"claim-evidence"	"{""status"":""present"",""value"":0}"	"16"	"{""status"":""present"",""value"":""story:e4b036101a7a:s16""}"	"685"	"728"
"3480df7007cb6dcab43d3f725cfd83820c3b42d523253166569b51940554a142"	"wog:claim:seg:wog:seg:story"	"claim-evidence"	"{""status"":""present"",""value"":0}"	"17"	"{""status"":""present"",""value"":""story:e4b036101a7a:s17""}"	"729"	"751"
"3480df7007cb6dcab43d3f725cfd83820c3b42d523253166569b51940554a142"	"wog:claim:seg:wog:seg:story"	"claim-evidence"	"{""status"":""present"",""value"":0}"	"18"	"{""status"":""present"",""value"":""story:e4b036101a7a:s18""}"	"752"	"780"
"3480df7007cb6dcab43d3f725cfd83820c3b42d523253166569b51940554a142"	"wog:claim:seg:wog:seg:story"	"claim-evidence"	"{""status"":""present"",""value"":0}"	"19"	"{""status"":""present"",""value"":""story:e4b036101a7a:s19""}"	"781"	"806"
"3480df7007cb6dcab43d3f725cfd83820c3b42d523253166569b51940554a142"	"wog:claim:seg:wog:seg:story"	"claim-evidence"	"{""status"":""present"",""value"":0}"	"20"	"{""status"":""present"",""value"":""story:e4b036101a7a:s20""}"	"807"	"856"
"3480df7007cb6dcab43d3f725cfd83820c3b42d523253166569b51940554a142"	"wog:claim:seg:wog:seg:story"	"claim-evidence"	"{""status"":""present"",""value"":0}"	"21"	"{""status"":""present"",""value"":""story:e4b036101a7a:s21""}"	"857"	"912"
"3480df7007cb6dcab43d3f725cfd83820c3b42d523253166569b51940554a142"	"wog:claim:seg:wog:seg:story"	"claim-evidence"	"{""status"":""present"",""value"":0}"	"22"	"{""status"":""present"",""value"":""story:e4b036101a7a:s22""}"	"913"	"982"
"3480df7007cb6dcab43d3f725cfd83820c3b42d523253166569b51940554a142"	"wog:claim:seg:wog:seg:story"	"claim-evidence"	"{""status"":""present"",""value"":0}"	"23"	"{""status"":""present"",""value"":""story:e4b036101a7a:s23""}"	"984"	"1007"
"3480df7007cb6dcab43d3f725cfd83820c3b42d523253166569b51940554a142"	"wog:claim:seg:wog:seg:story"	"claim-evidence"	"{""status"":""present"",""value"":0}"	"24"	"{""status"":""present"",""value"":""story:e4b036101a7a:s24""}"	"1008"	"1048"
"3480df7007cb6dcab43d3f725cfd83820c3b42d523253166569b51940554a142"	"wog:claim:seg:wog:seg:story"	"claim-evidence"	"{""status"":""present"",""value"":0}"	"25"	"{""status"":""present"",""value"":""story:e4b036101a7a:s25""}"	"1049"	"1098"
"3480df7007cb6dcab43d3f725cfd83820c3b42d523253166569b51940554a142"	"wog:claim:seg:wog:seg:story"	"claim-evidence"	"{""status"":""present"",""value"":0}"	"26"	"{""status"":""present"",""value"":""story:e4b036101a7a:s26""}"	"1099"	"1157"
"3480df7007cb6dcab43d3f725cfd83820c3b42d523253166569b51940554a142"	"wog:claim:seg:wog:seg:story"	"claim-evidence"	"{""status"":""present"",""value"":0}"	"27"	"{""status"":""present"",""value"":""story:e4b036101a7a:s27""}"	"1158"	"1193"
"3480df7007cb6dcab43d3f725cfd83820c3b42d523253166569b51940554a142"	"wog:claim:seg:wog:seg:story"	"claim-evidence"	"{""status"":""present"",""value"":0}"	"28"	"{""status"":""present"",""value"":""story:e4b036101a7a:s28""}"	"1194"	"1281"
"3480df7007cb6dcab43d3f725cfd83820c3b42d523253166569b51940554a142"	"wog:claim:seg:wog:seg:story"	"claim-evidence"	"{""status"":""present"",""value"":0}"	"29"	"{""status"":""present"",""value"":""story:e4b036101a7a:s29""}"	"1282"	"1317"
"3480df7007cb6dcab43d3f725cfd83820c3b42d523253166569b51940554a142"	"wog:claim:seg:wog:seg:story"	"claim-evidence"	"{""status"":""present"",""value"":0}"	"30"	"{""status"":""present"",""value"":""story:e4b036101a7a:s30""}"	"1318"	"1391"
"3480df7007cb6dcab43d3f725cfd83820c3b42d523253166569b51940554a142"	"wog:claim:seg:wog:seg:story"	"claim-evidence"	"{""status"":""present"",""value"":0}"	"31"	"{""status"":""present"",""value"":""story:e4b036101a7a:s31""}"	"1392"	"1430"
"3480df7007cb6dcab43d3f725cfd83820c3b42d523253166569b51940554a142"	"wog:claim:seg:wog:seg:story"	"claim-evidence"	"{""status"":""present"",""value"":0}"	"32"	"{""status"":""present"",""value"":""story:e4b036101a7a:s32""}"	"1431"	"1483"
"3480df7007cb6dcab43d3f725cfd83820c3b42d523253166569b51940554a142"	"wog:claim:seg:wog:seg:story"	"claim-evidence"	"{""status"":""present"",""value"":0}"	"33"	"{""status"":""present"",""value"":""story:e4b036101a7a:s33""}"	"1484"	"1510"
"3480df7007cb6dcab43d3f725cfd83820c3b42d523253166569b51940554a142"	"wog:claim:seg:wog:seg:story"	"claim-evidence"	"{""status"":""present"",""value"":0}"	"34"	"{""status"":""present"",""value"":""story:e4b036101a7a:s34""}"	"1511"	"1534"
"3480df7007cb6dcab43d3f725cfd83820c3b42d523253166569b51940554a142"	"wog:claim:seg:wog:seg:story"	"claim-evidence"	"{""status"":""present"",""value"":0}"	"35"	"{""status"":""present"",""value"":""story:e4b036101a7a:s35""}"	"1535"	"1581"
"3480df7007cb6dcab43d3f725cfd83820c3b42d523253166569b51940554a142"	"wog:claim:seg:wog:seg:story"	"claim-evidence"	"{""status"":""present"",""value"":0}"	"36"	"{""status"":""present"",""value"":""story:e4b036101a7a:s36""}"	"1582"	"1613"
"3480df7007cb6dcab43d3f725cfd83820c3b42d523253166569b51940554a142"	"wog:claim:seg:wog:seg:story"	"claim-evidence"	"{""status"":""present"",""value"":0}"	"37"	"{""status"":""present"",""value"":""story:e4b036101a7a:s37""}"	"1614"	"1654"
"3480df7007cb6dcab43d3f725cfd83820c3b42d523253166569b51940554a142"	"wog:claim:seg:wog:seg:story"	"claim-evidence"	"{""status"":""present"",""value"":0}"	"38"	"{""status"":""present"",""value"":""story:e4b036101a7a:s38""}"	"1655"	"1723"
"3480df7007cb6dcab43d3f725cfd83820c3b42d523253166569b51940554a142"	"wog:claim:seg:wog:seg:story"	"claim-evidence"	"{""status"":""present"",""value"":0}"	"39"	"{""status"":""present"",""value"":""story:e4b036101a7a:s39""}"	"1724"	"1765"
"3480df7007cb6dcab43d3f725cfd83820c3b42d523253166569b51940554a142"	"wog:claim:seg:wog:seg:story"	"claim-evidence"	"{""status"":""present"",""value"":0}"	"40"	"{""status"":""present"",""value"":""story:e4b036101a7a:s40""}"	"1766"	"1847"
"3480df7007cb6dcab43d3f725cfd83820c3b42d523253166569b51940554a142"	"wog:claim:seg:wog:seg:story"	"claim-evidence"	"{""status"":""present"",""value"":0}"	"41"	"{""status"":""present"",""value"":""story:e4b036101a7a:s41""}"	"1848"	"1900"
"3480df7007cb6dcab43d3f725cfd83820c3b42d523253166569b51940554a142"	"wog:claim:seg:wog:seg:story"	"claim-evidence"	"{""status"":""present"",""value"":0}"	"42"	"{""status"":""present"",""value"":""story:e4b036101a7a:s42""}"	"1901"	"1942"
"3480df7007cb6dcab43d3f725cfd83820c3b42d523253166569b51940554a142"	"wog:claim:seg:wog:seg:story"	"claim-evidence"	"{""status"":""present"",""value"":0}"	"43"	"{""status"":""present"",""value"":""story:e4b036101a7a:s43""}"	"1943"	"1987"
"3480df7007cb6dcab43d3f725cfd83820c3b42d523253166569b51940554a142"	"wog:claim:seg:wog:seg:story"	"claim-evidence"	"{""status"":""present"",""value"":0}"	"44"	"{""status"":""present"",""value"":""story:e4b036101a7a:s44""}"	"1988"	"2020"
"3480df7007cb6dcab43d3f725cfd83820c3b42d523253166569b51940554a142"	"wog:claim:seg:wog:seg:story"	"claim-evidence"	"{""status"":""present"",""value"":0}"	"45"	"{""status"":""present"",""value"":""story:e4b036101a7a:s45""}"	"2021"	"2090"
"3480df7007cb6dcab43d3f725cfd83820c3b42d523253166569b51940554a142"	"wog:claim:seg:wog:seg:story"	"claim-evidence"	"{""status"":""present"",""value"":0}"	"46"	"{""status"":""present"",""value"":""story:e4b036101a7a:s46""}"	"2091"	"2117"
"3480df7007cb6dcab43d3f725cfd83820c3b42d523253166569b51940554a142"	"wog:claim:seg:wog:seg:story"	"claim-evidence"	"{""status"":""present"",""value"":0}"	"47"	"{""status"":""present"",""value"":""story:e4b036101a7a:s47""}"	"2118"	"2130"
"3480df7007cb6dcab43d3f725cfd83820c3b42d523253166569b51940554a142"	"wog:claim:seg:wog:seg:story"	"claim-evidence"	"{""status"":""present"",""value"":0}"	"48"	"{""status"":""present"",""value"":""story:e4b036101a7a:s48""}"	"2131"	"2162"
"3480df7007cb6dcab43d3f725cfd83820c3b42d523253166569b51940554a142"	"wog:claim:seg:wog:seg:story"	"claim-evidence"	"{""status"":""present"",""value"":0}"	"49"	"{""status"":""present"",""value"":""story:e4b036101a7a:s49""}"	"2163"	"2180"
"3480df7007cb6dcab43d3f725cfd83820c3b42d523253166569b51940554a142"	"wog:claim:part:wog:sit:people-at-egulac:Theme:wog:ent:relatives"	"claim-evidence"	"{""status"":""present"",""value"":0}"	"0"	"{""status"":""present"",""value"":""story:e4b036101a7a:s0""}"	"0"	"28"
"3480df7007cb6dcab43d3f725cfd83820c3b42d523253166569b51940554a142"	"wog:claim:part:wog:sit:war-party-present:Theme:wog:ent:warriors"	"claim-evidence"	"{""status"":""present"",""value"":0}"	"0"	"{""status"":""present"",""value"":""story:e4b036101a7a:s5""}"	"172"	"215"
"3480df7007cb6dcab43d3f725cfd83820c3b42d523253166569b51940554a142"	"wog:claim:part:wog:sit:canoes-come-up:Theme:wog:ent:canoe"	"claim-evidence"	"{""status"":""present"",""value"":0}"	"0"	"{""status"":""present"",""value"":""story:e4b036101a7a:s7""}"	"268"	"323"
"3480df7007cb6dcab43d3f725cfd83820c3b42d523253166569b51940554a142"	"wog:claim:part:wog:sit:ym2-injured:Patient:wog:ent:young-man-2"	"claim-evidence"	"{""status"":""present"",""value"":0}"	"0"	"{""status"":""present"",""value"":""story:e4b036101a7a:s30""}"	"1318"	"1391"
"3480df7007cb6dcab43d3f725cfd83820c3b42d523253166569b51940554a142"	"wog:claim:part:wog:sit:people-at-egulac:Location:wog:ent:egulac"	"claim-evidence"	"{""status"":""present"",""value"":0}"	"0"	"{""status"":""present"",""value"":""story:e4b036101a7a:s0""}"	"0"	"28"
"3480df7007cb6dcab43d3f725cfd83820c3b42d523253166569b51940554a142"	"wog:claim:part:wog:sit:hunt-seals:Agent:wog:ent:young-men"	"claim-evidence"	"{""status"":""present"",""value"":0}"	"0"	"{""status"":""present"",""value"":""story:e4b036101a7a:s1""}"	"29"	"72"
"3480df7007cb6dcab43d3f725cfd83820c3b42d523253166569b51940554a142"	"wog:claim:part:wog:sit:down-river:Agent:wog:ent:young-men"	"claim-evidence"	"{""status"":""present"",""value"":0}"	"0"	"{""status"":""present"",""value"":""story:e4b036101a7a:s2""}"	"73"	"98"
"3480df7007cb6dcab43d3f725cfd83820c3b42d523253166569b51940554a142"	"wog:claim:part:wog:sit:down-river:Location:wog:ent:river"	"claim-evidence"	"{""status"":""present"",""value"":0}"	"0"	"{""status"":""present"",""value"":""story:e4b036101a7a:s2""}"	"73"	"98"
"3480df7007cb6dcab43d3f725cfd83820c3b42d523253166569b51940554a142"	"wog:claim:part:wog:sit:hear-war-cries:Experiencer:wog:ent:young-men"	"claim-evidence"	"{""status"":""present"",""value"":0}"	"0"	"{""status"":""present"",""value"":""story:e4b036101a7a:s4""}"	"125"	"171"
"3480df7007cb6dcab43d3f725cfd83820c3b42d523253166569b51940554a142"	"wog:claim:part:wog:sit:think-war-party:Agent:wog:ent:young-men"	"claim-evidence"	"{""status"":""present"",""value"":0}"	"0"	"{""status"":""present"",""value"":""story:e4b036101a7a:s5""}"	"172"	"215"
"3480df7007cb6dcab43d3f725cfd83820c3b42d523253166569b51940554a142"	"wog:claim:part:wog:sit:hide:Agent:wog:ent:young-men"	"claim-evidence"	"{""status"":""present"",""value"":0}"	"0"	"{""status"":""present"",""value"":""story:e4b036101a7a:s6""}"	"216"	"267"
"3480df7007cb6dcab43d3f725cfd83820c3b42d523253166569b51940554a142"	"wog:claim:part:wog:sit:hide:Location:wog:ent:log"	"claim-evidence"	"{""status"":""present"",""value"":0}"	"0"	"{""status"":""present"",""value"":""story:e4b036101a7a:s6""}"	"216"	"267"
"3480df7007cb6dcab43d3f725cfd83820c3b42d523253166569b51940554a142"	"wog:claim:part:wog:sit:hear-paddles:Experiencer:wog:ent:young-men"	"claim-evidence"	"{""status"":""present"",""value"":0}"	"0"	"{""status"":""present"",""value"":""story:e4b036101a7a:s7""}"	"268"	"323"
"3480df7007cb6dcab43d3f725cfd83820c3b42d523253166569b51940554a142"	"wog:claim:part:wog:sit:see-canoe:Experiencer:wog:ent:young-men"	"claim-evidence"	"{""status"":""present"",""value"":0}"	"0"	"{""status"":""present"",""value"":""story:e4b036101a7a:s8""}"	"324"	"396"
"3480df7007cb6dcab43d3f725cfd83820c3b42d523253166569b51940554a142"	"wog:claim:part:wog:sit:see-canoe:Stimulus:wog:ent:canoe"	"claim-evidence"	"{""status"":""present"",""value"":0}"	"0"	"{""status"":""present"",""value"":""story:e4b036101a7a:s8""}"	"324"	"396"
"3480df7007cb6dcab43d3f725cfd83820c3b42d523253166569b51940554a142"	"wog:claim:part:wog:sit:five-men-in-canoe:Theme:wog:ent:warriors"	"claim-evidence"	"{""status"":""present"",""value"":0}"	"0"	"{""status"":""present"",""value"":""story:e4b036101a7a:s9""}"	"397"	"430"
"3480df7007cb6dcab43d3f725cfd83820c3b42d523253166569b51940554a142"	"wog:claim:part:wog:sit:five-men-in-canoe:Location:wog:ent:canoe"	"claim-evidence"	"{""status"":""present"",""value"":0}"	"0"	"{""status"":""present"",""value"":""story:e4b036101a7a:s9""}"	"397"	"430"
"3480df7007cb6dcab43d3f725cfd83820c3b42d523253166569b51940554a142"	"wog:claim:part:wog:sit:warriors-speak:Agent:wog:ent:warriors"	"claim-evidence"	"{""status"":""present"",""value"":0}"	"0"	"{""status"":""present"",""value"":""story:e4b036101a7a:s10""}"	"431"	"470"
"3480df7007cb6dcab43d3f725cfd83820c3b42d523253166569b51940554a142"	"wog:claim:part:wog:sit:warriors-speak:Patient:wog:ent:young-men"	"claim-evidence"	"{""status"":""present"",""value"":0}"	"0"	"{""status"":""present"",""value"":""story:e4b036101a7a:s10""}"	"431"	"470"
"3480df7007cb6dcab43d3f725cfd83820c3b42d523253166569b51940554a142"	"wog:claim:part:wog:sit:wish-take-along:Experiencer:wog:ent:warriors"	"claim-evidence"	"{""status"":""present"",""value"":0}"	"0"	"{""status"":""present"",""value"":""story:e4b036101a7a:s11""}"	"471"	"497"
"3480df7007cb6dcab43d3f725cfd83820c3b42d523253166569b51940554a142"	"wog:claim:part:wog:sit:wish-take-along:Theme:wog:ent:young-men"	"claim-evidence"	"{""status"":""present"",""value"":0}"	"0"	"{""status"":""present"",""value"":""story:e4b036101a7a:s11""}"	"471"	"497"
"3480df7007cb6dcab43d3f725cfd83820c3b42d523253166569b51940554a142"	"wog:claim:part:wog:sit:announced-war:Agent:wog:ent:warriors"	"claim-evidence"	"{""status"":""present"",""value"":0}"	"0"	"{""status"":""present"",""value"":""story:e4b036101a7a:s12""}"	"498"	"551"
"3480df7007cb6dcab43d3f725cfd83820c3b42d523253166569b51940554a142"	"wog:claim:part:wog:sit:announced-war:Patient:wog:ent:kalama-people"	"claim-evidence"	"{""status"":""present"",""value"":0}"	"0"	"{""status"":""present"",""value"":""story:e4b036101a7a:s12""}"	"498"	"551"
"3480df7007cb6dcab43d3f725cfd83820c3b42d523253166569b51940554a142"	"wog:claim:part:wog:sit:announced-war:Location:wog:ent:river"	"claim-evidence"	"{""status"":""present"",""value"":0}"	"0"	"{""status"":""present"",""value"":""story:e4b036101a7a:s12""}"	"498"	"551"
"3480df7007cb6dcab43d3f725cfd83820c3b42d523253166569b51940554a142"	"wog:claim:part:wog:sit:ym1-says-no-arrows:Agent:wog:ent:young-man-1"	"claim-evidence"	"{""status"":""present"",""value"":0}"	"0"	"{""status"":""present"",""value"":""story:e4b036101a7a:s13""}"	"552"	"598"
"3480df7007cb6dcab43d3f725cfd83820c3b42d523253166569b51940554a142"	"wog:claim:part:wog:sit:lack-arrows:Theme:wog:ent:arrows"	"claim-evidence"	"{""status"":""present"",""value"":0}"	"0"	"{""status"":""present"",""value"":""story:e4b036101a7a:s13""}"	"552"	"598"
"3480df7007cb6dcab43d3f725cfd83820c3b42d523253166569b51940554a142"	"wog:claim:part:wog:sit:lack-arrows:Experiencer:wog:ent:young-man-1"	"claim-evidence"	"{""status"":""present"",""value"":0}"	"0"	"{""status"":""present"",""value"":""story:e4b036101a7a:s13""}"	"552"	"598"
"3480df7007cb6dcab43d3f725cfd83820c3b42d523253166569b51940554a142"	"wog:claim:part:wog:sit:warriors-say-arrows:Agent:wog:ent:warriors"	"claim-evidence"	"{""status"":""present"",""value"":0}"	"0"	"{""status"":""present"",""value"":""story:e4b036101a7a:s14""}"	"599"	"625"
"3480df7007cb6dcab43d3f725cfd83820c3b42d523253166569b51940554a142"	"wog:claim:part:wog:sit:arrows-in-canoe:Theme:wog:ent:arrows"	"claim-evidence"	"{""status"":""present"",""value"":0}"	"0"	"{""status"":""present"",""value"":""story:e4b036101a7a:s14""}"	"599"	"625"
"3480df7007cb6dcab43d3f725cfd83820c3b42d523253166569b51940554a142"	"wog:claim:part:wog:sit:arrows-in-canoe:Location:wog:ent:canoe"	"claim-evidence"	"{""status"":""present"",""value"":0}"	"0"	"{""status"":""present"",""value"":""story:e4b036101a7a:s14""}"	"599"	"625"
"3480df7007cb6dcab43d3f725cfd83820c3b42d523253166569b51940554a142"	"wog:claim:part:wog:sit:ym1-declines:Agent:wog:ent:young-man-1"	"claim-evidence"	"{""status"":""present"",""value"":0}"	"0"	"{""status"":""present"",""value"":""story:e4b036101a7a:s15""}"	"626"	"684"
"3480df7007cb6dcab43d3f725cfd83820c3b42d523253166569b51940554a142"	"wog:claim:part:wog:sit:ym1-declines:Patient:wog:ent:young-man-2"	"claim-evidence"	"{""status"":""present"",""value"":0}"	"0"	"{""status"":""present"",""value"":""story:e4b036101a7a:s18""}"	"752"	"780"
"3480df7007cb6dcab43d3f725cfd83820c3b42d523253166569b51940554a142"	"wog:claim:part:wog:sit:not-go-along:Agent:wog:ent:young-man-1"	"claim-evidence"	"{""status"":""present"",""value"":0}"	"0"	"{""status"":""present"",""value"":""story:e4b036101a7a:s15""}"	"626"	"684"
"3480df7007cb6dcab43d3f725cfd83820c3b42d523253166569b51940554a142"	"wog:claim:part:wog:sit:might-be-killed:Patient:wog:ent:young-man-1"	"claim-evidence"	"{""status"":""present"",""value"":0}"	"0"	"{""status"":""present"",""value"":""story:e4b036101a7a:s15""}"	"626"	"684"
"3480df7007cb6dcab43d3f725cfd83820c3b42d523253166569b51940554a142"	"wog:claim:part:wog:sit:relatives-not-know:Experiencer:wog:ent:relatives"	"claim-evidence"	"{""status"":""present"",""value"":0}"	"0"	"{""status"":""present"",""value"":""story:e4b036101a7a:s16""}"	"685"	"728"
"3480df7007cb6dcab43d3f725cfd83820c3b42d523253166569b51940554a142"	"wog:claim:part:wog:sit:you-may-go:Agent:wog:ent:young-man-2"	"claim-evidence"	"{""status"":""present"",""value"":0}"	"0"	"{""status"":""present"",""value"":""story:e4b036101a7a:s17""}"	"729"	"751"
"3480df7007cb6dcab43d3f725cfd83820c3b42d523253166569b51940554a142"	"wog:claim:part:wog:sit:you-may-go:Theme:wog:ent:warriors"	"claim-evidence"	"{""status"":""present"",""value"":0}"	"0"	"{""status"":""present"",""value"":""story:e4b036101a7a:s17""}"	"729"	"751"
"3480df7007cb6dcab43d3f725cfd83820c3b42d523253166569b51940554a142"	"wog:claim:part:wog:sit:ym2-accompanies:Agent:wog:ent:young-man-2"	"claim-evidence"	"{""status"":""present"",""value"":0}"	"0"	"{""status"":""present"",""value"":""story:e4b036101a7a:s19""}"	"781"	"806"
"3480df7007cb6dcab43d3f725cfd83820c3b42d523253166569b51940554a142"	"wog:claim:part:wog:sit:ym2-accompanies:Theme:wog:ent:warriors"	"claim-evidence"	"{""status"":""present"",""value"":0}"	"0"	"{""status"":""present"",""value"":""story:e4b036101a7a:s19""}"	"781"	"806"
"3480df7007cb6dcab43d3f725cfd83820c3b42d523253166569b51940554a142"	"wog:claim:part:wog:sit:ym2-enters-canoe:Agent:wog:ent:young-man-2"	"claim-evidence"	"{""status"":""present"",""value"":0}"	"0"	"{""status"":""present"",""value"":""story:e4b036101a7a:s20""}"	"807"	"856"
"3480df7007cb6dcab43d3f725cfd83820c3b42d523253166569b51940554a142"	"wog:claim:part:wog:sit:ym2-enters-canoe:Destination:wog:ent:canoe"	"claim-evidence"	"{""status"":""present"",""value"":0}"	"0"	"{""status"":""present"",""value"":""story:e4b036101a7a:s20""}"	"807"	"856"
"3480df7007cb6dcab43d3f725cfd83820c3b42d523253166569b51940554a142"	"wog:claim:part:wog:sit:ym1-goes-home:Agent:wog:ent:young-man-1"	"claim-evidence"	"{""status"":""present"",""value"":0}"	"0"	"{""status"":""present"",""value"":""story:e4b036101a7a:s20""}"	"807"	"856"
"3480df7007cb6dcab43d3f725cfd83820c3b42d523253166569b51940554a142"	"wog:claim:part:wog:sit:ym1-returns-midnight:Agent:wog:ent:young-man-1"	"claim-evidence"	"{""status"":""present"",""value"":0}"	"0"	"{""status"":""present"",""value"":""story:e4b036101a7a:s21""}"	"857"	"912"
"3480df7007cb6dcab43d3f725cfd83820c3b42d523253166569b51940554a142"	"wog:claim:part:wog:sit:ym1-reports:Agent:wog:ent:young-man-1"	"claim-evidence"	"{""status"":""present"",""value"":0}"	"0"	"{""status"":""present"",""value"":""story:e4b036101a7a:s21""}"	"857"	"912"
"3480df7007cb6dcab43d3f725cfd83820c3b42d523253166569b51940554a142"	"wog:claim:part:wog:sit:relative-left-me:Agent:wog:ent:young-man-2"	"claim-evidence"	"{""status"":""present"",""value"":0}"	"0"	"{""status"":""present"",""value"":""story:e4b036101a7a:s21""}"	"857"	"912"
"3480df7007cb6dcab43d3f725cfd83820c3b42d523253166569b51940554a142"	"wog:claim:part:wog:sit:relative-left-me:Patient:wog:ent:young-man-1"	"claim-evidence"	"{""status"":""present"",""value"":0}"	"0"	"{""status"":""present"",""value"":""story:e4b036101a7a:s21""}"	"857"	"912"
"3480df7007cb6dcab43d3f725cfd83820c3b42d523253166569b51940554a142"	"wog:claim:part:wog:sit:ym2-went-with-warriors:Agent:wog:ent:young-man-2"	"claim-evidence"	"{""status"":""present"",""value"":0}"	"0"	"{""status"":""present"",""value"":""story:e4b036101a7a:s22""}"	"913"	"982"
"3480df7007cb6dcab43d3f725cfd83820c3b42d523253166569b51940554a142"	"wog:claim:part:wog:sit:ym2-went-with-warriors:Theme:wog:ent:warriors"	"claim-evidence"	"{""status"":""present"",""value"":0}"	"0"	"{""status"":""present"",""value"":""story:e4b036101a7a:s22""}"	"913"	"982"
"3480df7007cb6dcab43d3f725cfd83820c3b42d523253166569b51940554a142"	"wog:claim:part:wog:sit:warriors-go:Agent:wog:ent:warriors"	"claim-evidence"	"{""status"":""present"",""value"":0}"	"0"	"{""status"":""present"",""value"":""story:e4b036101a7a:s23""}"	"984"	"1007"
"3480df7007cb6dcab43d3f725cfd83820c3b42d523253166569b51940554a142"	"wog:claim:part:wog:sit:talk-in-canoe:Agent:wog:ent:warriors"	"claim-evidence"	"{""status"":""present"",""value"":0}"	"0"	"{""status"":""present"",""value"":""story:e4b036101a7a:s24""}"	"1008"	"1048"
"3480df7007cb6dcab43d3f725cfd83820c3b42d523253166569b51940554a142"	"wog:claim:part:wog:sit:arrive-kalama:Agent:wog:ent:warriors"	"claim-evidence"	"{""status"":""present"",""value"":0}"	"0"	"{""status"":""present"",""value"":""story:e4b036101a7a:s25""}"	"1049"	"1098"
"3480df7007cb6dcab43d3f725cfd83820c3b42d523253166569b51940554a142"	"wog:claim:part:wog:sit:arrive-kalama:Destination:wog:ent:kalama"	"claim-evidence"	"{""status"":""present"",""value"":0}"	"0"	"{""status"":""present"",""value"":""story:e4b036101a7a:s25""}"	"1049"	"1098"
"3480df7007cb6dcab43d3f725cfd83820c3b42d523253166569b51940554a142"	"wog:claim:part:wog:sit:enemy-come-to-water:Agent:wog:ent:kalama-people"	"claim-evidence"	"{""status"":""present"",""value"":0}"	"0"	"{""status"":""present"",""value"":""story:e4b036101a7a:s26""}"	"1099"	"1157"
"3480df7007cb6dcab43d3f725cfd83820c3b42d523253166569b51940554a142"	"wog:claim:part:wog:sit:battle:Agent:wog:ent:warriors"	"claim-evidence"	"{""status"":""present"",""value"":0}"	"0"	"{""status"":""present"",""value"":""story:e4b036101a7a:s26""}"	"1099"	"1157"
"3480df7007cb6dcab43d3f725cfd83820c3b42d523253166569b51940554a142"	"wog:claim:part:wog:sit:battle:Patient:wog:ent:kalama-people"	"claim-evidence"	"{""status"":""present"",""value"":0}"	"0"	"{""status"":""present"",""value"":""story:e4b036101a7a:s26""}"	"1099"	"1157"
"3480df7007cb6dcab43d3f725cfd83820c3b42d523253166569b51940554a142"	"wog:claim:part:wog:sit:ym2-thinks-people:Agent:wog:ent:young-man-2"	"claim-evidence"	"{""status"":""present"",""value"":0}"	"0"	"{""status"":""present"",""value"":""story:e4b036101a7a:s27""}"	"1158"	"1193"
"3480df7007cb6dcab43d3f725cfd83820c3b42d523253166569b51940554a142"	"wog:claim:part:wog:sit:warriors-are-people:Theme:wog:ent:warriors"	"claim-evidence"	"{""status"":""present"",""value"":0}"	"0"	"{""status"":""present"",""value"":""story:e4b036101a7a:s27""}"	"1158"	"1193"
"3480df7007cb6dcab43d3f725cfd83820c3b42d523253166569b51940554a142"	"wog:claim:part:wog:sit:fellow-shot:Patient:wog:ent:shot-fellow"	"claim-evidence"	"{""status"":""present"",""value"":0}"	"0"	"{""status"":""present"",""value"":""story:e4b036101a7a:s28""}"	"1194"	"1281"
"3480df7007cb6dcab43d3f725cfd83820c3b42d523253166569b51940554a142"	"wog:claim:part:wog:sit:carry-into-canoe:Agent:wog:ent:warriors"	"claim-evidence"	"{""status"":""present"",""value"":0}"	"0"	"{""status"":""present"",""value"":""story:e4b036101a7a:s28""}"	"1194"	"1281"
"3480df7007cb6dcab43d3f725cfd83820c3b42d523253166569b51940554a142"	"wog:claim:part:wog:sit:carry-into-canoe:Patient:wog:ent:shot-fellow"	"claim-evidence"	"{""status"":""present"",""value"":0}"	"0"	"{""status"":""present"",""value"":""story:e4b036101a7a:s28""}"	"1194"	"1281"
"3480df7007cb6dcab43d3f725cfd83820c3b42d523253166569b51940554a142"	"wog:claim:part:wog:sit:carry-into-canoe:Destination:wog:ent:canoe"	"claim-evidence"	"{""status"":""present"",""value"":0}"	"0"	"{""status"":""present"",""value"":""story:e4b036101a7a:s28""}"	"1194"	"1281"
"3480df7007cb6dcab43d3f725cfd83820c3b42d523253166569b51940554a142"	"wog:claim:part:wog:sit:warriors-say-go-home:Agent:wog:ent:warriors"	"claim-evidence"	"{""status"":""present"",""value"":0}"	"0"	"{""status"":""present"",""value"":""story:e4b036101a7a:s30""}"	"1318"	"1391"
"3480df7007cb6dcab43d3f725cfd83820c3b42d523253166569b51940554a142"	"wog:claim:part:wog:sit:let-us-go-home:Agent:wog:ent:warriors"	"claim-evidence"	"{""status"":""present"",""value"":0}"	"0"	"{""status"":""present"",""value"":""story:e4b036101a7a:s30""}"	"1318"	"1391"
"3480df7007cb6dcab43d3f725cfd83820c3b42d523253166569b51940554a142"	"wog:claim:part:wog:sit:reported-shot:Patient:wog:ent:young-man-2"	"claim-evidence"	"{""status"":""present"",""value"":0}"	"0"	"{""status"":""present"",""value"":""story:e4b036101a7a:s30""}"	"1318"	"1391"
"3480df7007cb6dcab43d3f725cfd83820c3b42d523253166569b51940554a142"	"wog:claim:part:wog:sit:ym2-concludes-ghosts:Agent:wog:ent:young-man-2"	"claim-evidence"	"{""status"":""present"",""value"":0}"	"0"	"{""status"":""present"",""value"":""story:e4b036101a7a:s31""}"	"1392"	"1430"
"3480df7007cb6dcab43d3f725cfd83820c3b42d523253166569b51940554a142"	"wog:claim:part:wog:sit:warriors-are-ghosts:Theme:wog:ent:warriors"	"claim-evidence"	"{""status"":""present"",""value"":0}"	"0"	"{""status"":""present"",""value"":""story:e4b036101a7a:s31""}"	"1392"	"1430"
"3480df7007cb6dcab43d3f725cfd83820c3b42d523253166569b51940554a142"	"wog:claim:part:wog:sit:not-feel-sick:Experiencer:wog:ent:young-man-2"	"claim-evidence"	"{""status"":""present"",""value"":0}"	"0"	"{""status"":""present"",""value"":""story:e4b036101a7a:s32""}"	"1431"	"1483"
"3480df7007cb6dcab43d3f725cfd83820c3b42d523253166569b51940554a142"	"wog:claim:part:wog:sit:warriors-go-home:Agent:wog:ent:warriors"	"claim-evidence"	"{""status"":""present"",""value"":0}"	"0"	"{""status"":""present"",""value"":""story:e4b036101a7a:s33""}"	"1484"	"1510"
"3480df7007cb6dcab43d3f725cfd83820c3b42d523253166569b51940554a142"	"wog:claim:part:wog:sit:arrive-egulac:Agent:wog:ent:warriors"	"claim-evidence"	"{""status"":""present"",""value"":0}"	"0"	"{""status"":""present"",""value"":""story:e4b036101a7a:s34""}"	"1511"	"1534"
"3480df7007cb6dcab43d3f725cfd83820c3b42d523253166569b51940554a142"	"wog:claim:part:wog:sit:arrive-egulac:Destination:wog:ent:egulac"	"claim-evidence"	"{""status"":""present"",""value"":0}"	"0"	"{""status"":""present"",""value"":""story:e4b036101a7a:s34""}"	"1511"	"1534"
"3480df7007cb6dcab43d3f725cfd83820c3b42d523253166569b51940554a142"	"wog:claim:part:wog:sit:canoe-lands:Theme:wog:ent:canoe"	"claim-evidence"	"{""status"":""present"",""value"":0}"	"0"	"{""status"":""present"",""value"":""story:e4b036101a7a:s35""}"	"1535"	"1581"
"3480df7007cb6dcab43d3f725cfd83820c3b42d523253166569b51940554a142"	"wog:claim:part:wog:sit:ym2-ashore:Agent:wog:ent:young-man-2"	"claim-evidence"	"{""status"":""present"",""value"":0}"	"0"	"{""status"":""present"",""value"":""story:e4b036101a7a:s35""}"	"1535"	"1581"
"3480df7007cb6dcab43d3f725cfd83820c3b42d523253166569b51940554a142"	"wog:claim:part:wog:sit:warriors-down-river:Agent:wog:ent:warriors"	"claim-evidence"	"{""status"":""present"",""value"":0}"	"0"	"{""status"":""present"",""value"":""story:e4b036101a7a:s36""}"	"1582"	"1613"
"3480df7007cb6dcab43d3f725cfd83820c3b42d523253166569b51940554a142"	"wog:claim:part:wog:sit:warriors-down-river:Location:wog:ent:river"	"claim-evidence"	"{""status"":""present"",""value"":0}"	"0"	"{""status"":""present"",""value"":""story:e4b036101a7a:s36""}"	"1582"	"1613"
"3480df7007cb6dcab43d3f725cfd83820c3b42d523253166569b51940554a142"	"wog:claim:part:wog:sit:ym2-to-house:Agent:wog:ent:young-man-2"	"claim-evidence"	"{""status"":""present"",""value"":0}"	"0"	"{""status"":""present"",""value"":""story:e4b036101a7a:s37""}"	"1614"	"1654"
"3480df7007cb6dcab43d3f725cfd83820c3b42d523253166569b51940554a142"	"wog:claim:part:wog:sit:ym2-to-house:Destination:wog:ent:house"	"claim-evidence"	"{""status"":""present"",""value"":0}"	"0"	"{""status"":""present"",""value"":""story:e4b036101a7a:s37""}"	"1614"	"1654"
"3480df7007cb6dcab43d3f725cfd83820c3b42d523253166569b51940554a142"	"wog:claim:part:wog:sit:make-fire:Agent:wog:ent:young-man-2"	"claim-evidence"	"{""status"":""present"",""value"":0}"	"0"	"{""status"":""present"",""value"":""story:e4b036101a7a:s37""}"	"1614"	"1654"
"3480df7007cb6dcab43d3f725cfd83820c3b42d523253166569b51940554a142"	"wog:claim:part:wog:sit:recounting:Agent:wog:ent:young-man-2"	"claim-evidence"	"{""status"":""present"",""value"":0}"	"0"	"{""status"":""present"",""value"":""story:e4b036101a7a:s38""}"	"1655"	"1723"
"3480df7007cb6dcab43d3f725cfd83820c3b42d523253166569b51940554a142"	"wog:claim:part:wog:sit:recounting:Beneficiary:wog:ent:relatives"	"claim-evidence"	"{""status"":""present"",""value"":0}"	"0"	"{""status"":""present"",""value"":""story:e4b036101a7a:s38""}"	"1655"	"1723"
"3480df7007cb6dcab43d3f725cfd83820c3b42d523253166569b51940554a142"	"wog:claim:part:wog:sit:accompanied-ghosts:Agent:wog:ent:young-man-2"	"claim-evidence"	"{""status"":""present"",""value"":0}"	"0"	"{""status"":""present"",""value"":""story:e4b036101a7a:s38""}"	"1655"	"1723"
"3480df7007cb6dcab43d3f725cfd83820c3b42d523253166569b51940554a142"	"wog:claim:part:wog:sit:accompanied-ghosts:Theme:wog:ent:warriors"	"claim-evidence"	"{""status"":""present"",""value"":0}"	"0"	"{""status"":""present"",""value"":""story:e4b036101a7a:s38""}"	"1655"	"1723"
"3480df7007cb6dcab43d3f725cfd83820c3b42d523253166569b51940554a142"	"wog:claim:part:wog:sit:we-fought:Agent:wog:ent:warriors"	"claim-evidence"	"{""status"":""present"",""value"":0}"	"0"	"{""status"":""present"",""value"":""story:e4b036101a7a:s39""}"	"1724"	"1765"
"3480df7007cb6dcab43d3f725cfd83820c3b42d523253166569b51940554a142"	"wog:claim:part:wog:sit:we-fought:Agent:wog:ent:young-man-2"	"claim-evidence"	"{""status"":""present"",""value"":0}"	"0"	"{""status"":""present"",""value"":""story:e4b036101a7a:s39""}"	"1724"	"1765"
"3480df7007cb6dcab43d3f725cfd83820c3b42d523253166569b51940554a142"	"wog:claim:part:wog:sit:many-fellows-killed:Patient:wog:ent:warriors"	"claim-evidence"	"{""status"":""present"",""value"":0}"	"0"	"{""status"":""present"",""value"":""story:e4b036101a7a:s40""}"	"1766"	"1847"
"3480df7007cb6dcab43d3f725cfd83820c3b42d523253166569b51940554a142"	"wog:claim:part:wog:sit:many-enemy-killed:Patient:wog:ent:kalama-people"	"claim-evidence"	"{""status"":""present"",""value"":0}"	"0"	"{""status"":""present"",""value"":""story:e4b036101a7a:s40""}"	"1766"	"1847"
"3480df7007cb6dcab43d3f725cfd83820c3b42d523253166569b51940554a142"	"wog:claim:part:wog:sit:they-said-shot:Agent:wog:ent:warriors"	"claim-evidence"	"{""status"":""present"",""value"":0}"	"0"	"{""status"":""present"",""value"":""story:e4b036101a7a:s41""}"	"1848"	"1900"
"3480df7007cb6dcab43d3f725cfd83820c3b42d523253166569b51940554a142"	"wog:claim:part:wog:sit:they-said-shot:Beneficiary:wog:ent:young-man-2"	"claim-evidence"	"{""status"":""present"",""value"":0}"	"0"	"{""status"":""present"",""value"":""story:e4b036101a7a:s41""}"	"1848"	"1900"
"3480df7007cb6dcab43d3f725cfd83820c3b42d523253166569b51940554a142"	"wog:claim:part:wog:sit:i-was-shot:Patient:wog:ent:young-man-2"	"claim-evidence"	"{""status"":""present"",""value"":0}"	"0"	"{""status"":""present"",""value"":""story:e4b036101a7a:s41""}"	"1848"	"1900"
"3480df7007cb6dcab43d3f725cfd83820c3b42d523253166569b51940554a142"	"wog:claim:part:wog:sit:i-did-not-feel-sick:Experiencer:wog:ent:young-man-2"	"claim-evidence"	"{""status"":""present"",""value"":0}"	"0"	"{""status"":""present"",""value"":""story:e4b036101a7a:s41""}"	"1848"	"1900"
"3480df7007cb6dcab43d3f725cfd83820c3b42d523253166569b51940554a142"	"wog:claim:part:wog:sit:becomes-quiet:Agent:wog:ent:young-man-2"	"claim-evidence"	"{""status"":""present"",""value"":0}"	"0"	"{""status"":""present"",""value"":""story:e4b036101a7a:s42""}"	"1901"	"1942"
"3480df7007cb6dcab43d3f725cfd83820c3b42d523253166569b51940554a142"	"wog:claim:part:wog:sit:falls-down:Agent:wog:ent:young-man-2"	"claim-evidence"	"{""status"":""present"",""value"":0}"	"0"	"{""status"":""present"",""value"":""story:e4b036101a7a:s44""}"	"1988"	"2020"
"3480df7007cb6dcab43d3f725cfd83820c3b42d523253166569b51940554a142"	"wog:claim:part:wog:sit:black-from-mouth:Source:wog:ent:young-man-2"	"claim-evidence"	"{""status"":""present"",""value"":0}"	"0"	"{""status"":""present"",""value"":""story:e4b036101a7a:s45""}"	"2021"	"2090"
"3480df7007cb6dcab43d3f725cfd83820c3b42d523253166569b51940554a142"	"wog:claim:part:wog:sit:blood-from-anus:Source:wog:ent:young-man-2"	"claim-evidence"	"{""status"":""present"",""value"":0}"	"0"	"{""status"":""present"",""value"":""story:e4b036101a7a:s45""}"	"2021"	"2090"
"3480df7007cb6dcab43d3f725cfd83820c3b42d523253166569b51940554a142"	"wog:claim:part:wog:sit:face-contorted:Patient:wog:ent:young-man-2"	"claim-evidence"	"{""status"":""present"",""value"":0}"	"0"	"{""status"":""present"",""value"":""story:e4b036101a7a:s46""}"	"2091"	"2117"
"3480df7007cb6dcab43d3f725cfd83820c3b42d523253166569b51940554a142"	"wog:claim:part:wog:sit:dead:Theme:wog:ent:young-man-2"	"claim-evidence"	"{""status"":""present"",""value"":0}"	"0"	"{""status"":""present"",""value"":""story:e4b036101a7a:s47""}"	"2118"	"2130"
"3480df7007cb6dcab43d3f725cfd83820c3b42d523253166569b51940554a142"	"wog:claim:part:wog:sit:people-cry:Agent:wog:ent:relatives"	"claim-evidence"	"{""status"":""present"",""value"":0}"	"0"	"{""status"":""present"",""value"":""story:e4b036101a7a:s48""}"	"2131"	"2162"
"3480df7007cb6dcab43d3f725cfd83820c3b42d523253166569b51940554a142"	"wog:claim:time:wog:sit:hunt-seals:wog:sit:down-river"	"claim-evidence"	"{""status"":""present"",""value"":0}"	"0"	"{""status"":""present"",""value"":""story:e4b036101a7a:s2""}"	"73"	"98"
"3480df7007cb6dcab43d3f725cfd83820c3b42d523253166569b51940554a142"	"wog:claim:time:wog:sit:fog-calm:wog:sit:hear-war-cries"	"claim-evidence"	"{""status"":""present"",""value"":0}"	"0"	"{""status"":""present"",""value"":""story:e4b036101a7a:s4""}"	"125"	"171"
"3480df7007cb6dcab43d3f725cfd83820c3b42d523253166569b51940554a142"	"wog:claim:time:wog:sit:down-river:wog:sit:hear-war-cries"	"claim-evidence"	"{""status"":""present"",""value"":0}"	"0"	"{""status"":""present"",""value"":""story:e4b036101a7a:s4""}"	"125"	"171"
"3480df7007cb6dcab43d3f725cfd83820c3b42d523253166569b51940554a142"	"wog:claim:time:wog:sit:hear-war-cries:wog:sit:think-war-party"	"claim-evidence"	"{""status"":""present"",""value"":0}"	"0"	"{""status"":""present"",""value"":""story:e4b036101a7a:s5""}"	"172"	"215"
"3480df7007cb6dcab43d3f725cfd83820c3b42d523253166569b51940554a142"	"wog:claim:time:wog:sit:think-war-party:wog:sit:hide"	"claim-evidence"	"{""status"":""present"",""value"":0}"	"0"	"{""status"":""present"",""value"":""story:e4b036101a7a:s6""}"	"216"	"267"
"3480df7007cb6dcab43d3f725cfd83820c3b42d523253166569b51940554a142"	"wog:claim:time:wog:sit:hide:wog:sit:canoes-come-up"	"claim-evidence"	"{""status"":""present"",""value"":0}"	"0"	"{""status"":""present"",""value"":""story:e4b036101a7a:s7""}"	"268"	"323"
"3480df7007cb6dcab43d3f725cfd83820c3b42d523253166569b51940554a142"	"wog:claim:time:wog:sit:canoes-come-up:wog:sit:hear-paddles"	"claim-evidence"	"{""status"":""present"",""value"":0}"	"0"	"{""status"":""present"",""value"":""story:e4b036101a7a:s7""}"	"268"	"323"
"3480df7007cb6dcab43d3f725cfd83820c3b42d523253166569b51940554a142"	"wog:claim:time:wog:sit:canoes-come-up:wog:sit:see-canoe"	"claim-evidence"	"{""status"":""present"",""value"":0}"	"0"	"{""status"":""present"",""value"":""story:e4b036101a7a:s8""}"	"324"	"396"
"3480df7007cb6dcab43d3f725cfd83820c3b42d523253166569b51940554a142"	"wog:claim:time:wog:sit:see-canoe:wog:sit:warriors-speak"	"claim-evidence"	"{""status"":""present"",""value"":0}"	"0"	"{""status"":""present"",""value"":""story:e4b036101a7a:s10""}"	"431"	"470"
"3480df7007cb6dcab43d3f725cfd83820c3b42d523253166569b51940554a142"	"wog:claim:time:wog:sit:warriors-speak:wog:sit:ym1-says-no-arrows"	"claim-evidence"	"{""status"":""present"",""value"":0}"	"0"	"{""status"":""present"",""value"":""story:e4b036101a7a:s13""}"	"552"	"598"
"3480df7007cb6dcab43d3f725cfd83820c3b42d523253166569b51940554a142"	"wog:claim:time:wog:sit:ym1-says-no-arrows:wog:sit:warriors-say-arrows"	"claim-evidence"	"{""status"":""present"",""value"":0}"	"0"	"{""status"":""present"",""value"":""story:e4b036101a7a:s14""}"	"599"	"625"
"3480df7007cb6dcab43d3f725cfd83820c3b42d523253166569b51940554a142"	"wog:claim:time:wog:sit:warriors-say-arrows:wog:sit:ym1-declines"	"claim-evidence"	"{""status"":""present"",""value"":0}"	"0"	"{""status"":""present"",""value"":""story:e4b036101a7a:s15""}"	"626"	"684"
"3480df7007cb6dcab43d3f725cfd83820c3b42d523253166569b51940554a142"	"wog:claim:time:wog:sit:ym1-declines:wog:sit:ym2-accompanies"	"claim-evidence"	"{""status"":""present"",""value"":0}"	"0"	"{""status"":""present"",""value"":""story:e4b036101a7a:s19""}"	"781"	"806"
"3480df7007cb6dcab43d3f725cfd83820c3b42d523253166569b51940554a142"	"wog:claim:time:wog:sit:ym2-accompanies:wog:sit:ym2-enters-canoe"	"claim-evidence"	"{""status"":""present"",""value"":0}"	"0"	"{""status"":""present"",""value"":""story:e4b036101a7a:s20""}"	"807"	"856"
"3480df7007cb6dcab43d3f725cfd83820c3b42d523253166569b51940554a142"	"wog:claim:time:wog:sit:ym2-enters-canoe:wog:sit:ym1-goes-home"	"claim-evidence"	"{""status"":""present"",""value"":0}"	"0"	"{""status"":""present"",""value"":""story:e4b036101a7a:s20""}"	"807"	"856"
"3480df7007cb6dcab43d3f725cfd83820c3b42d523253166569b51940554a142"	"wog:claim:time:wog:sit:ym1-goes-home:wog:sit:ym1-returns-midnight"	"claim-evidence"	"{""status"":""present"",""value"":0}"	"0"	"{""status"":""present"",""value"":""story:e4b036101a7a:s21""}"	"857"	"912"
"3480df7007cb6dcab43d3f725cfd83820c3b42d523253166569b51940554a142"	"wog:claim:time:wog:sit:ym1-returns-midnight:wog:sit:ym1-reports"	"claim-evidence"	"{""status"":""present"",""value"":0}"	"0"	"{""status"":""present"",""value"":""story:e4b036101a7a:s21""}"	"857"	"912"
"3480df7007cb6dcab43d3f725cfd83820c3b42d523253166569b51940554a142"	"wog:claim:time:wog:sit:ym2-enters-canoe:wog:sit:warriors-go"	"claim-evidence"	"{""status"":""present"",""value"":0}"	"0"	"{""status"":""present"",""value"":""story:e4b036101a7a:s23""}"	"984"	"1007"
"3480df7007cb6dcab43d3f725cfd83820c3b42d523253166569b51940554a142"	"wog:claim:time:wog:sit:ym1-reports:wog:sit:battle"	"claim-evidence"	"{""status"":""present"",""value"":0}"	"0"	"{""status"":""present"",""value"":""story:e4b036101a7a:s23""}"	"984"	"1007"
"3480df7007cb6dcab43d3f725cfd83820c3b42d523253166569b51940554a142"	"wog:claim:time:wog:sit:warriors-go:wog:sit:talk-in-canoe"	"claim-evidence"	"{""status"":""present"",""value"":0}"	"0"	"{""status"":""present"",""value"":""story:e4b036101a7a:s24""}"	"1008"	"1048"
"3480df7007cb6dcab43d3f725cfd83820c3b42d523253166569b51940554a142"	"wog:claim:time:wog:sit:warriors-go:wog:sit:arrive-kalama"	"claim-evidence"	"{""status"":""present"",""value"":0}"	"0"	"{""status"":""present"",""value"":""story:e4b036101a7a:s25""}"	"1049"	"1098"
"3480df7007cb6dcab43d3f725cfd83820c3b42d523253166569b51940554a142"	"wog:claim:time:wog:sit:arrive-kalama:wog:sit:enemy-come-to-water"	"claim-evidence"	"{""status"":""present"",""value"":0}"	"0"	"{""status"":""present"",""value"":""story:e4b036101a7a:s26""}"	"1099"	"1157"
"3480df7007cb6dcab43d3f725cfd83820c3b42d523253166569b51940554a142"	"wog:claim:time:wog:sit:enemy-come-to-water:wog:sit:battle"	"claim-evidence"	"{""status"":""present"",""value"":0}"	"0"	"{""status"":""present"",""value"":""story:e4b036101a7a:s26""}"	"1099"	"1157"
"3480df7007cb6dcab43d3f725cfd83820c3b42d523253166569b51940554a142"	"wog:claim:time:wog:sit:battle:wog:sit:fellow-shot"	"claim-evidence"	"{""status"":""present"",""value"":0}"	"0"	"{""status"":""present"",""value"":""story:e4b036101a7a:s28""}"	"1194"	"1281"
"3480df7007cb6dcab43d3f725cfd83820c3b42d523253166569b51940554a142"	"wog:claim:time:wog:sit:battle:wog:sit:ym2-thinks-people"	"claim-evidence"	"{""status"":""present"",""value"":0}"	"0"	"{""status"":""present"",""value"":""story:e4b036101a7a:s27""}"	"1158"	"1193"
"3480df7007cb6dcab43d3f725cfd83820c3b42d523253166569b51940554a142"	"wog:claim:time:wog:sit:fellow-shot:wog:sit:carry-into-canoe"	"claim-evidence"	"{""status"":""present"",""value"":0}"	"0"	"{""status"":""present"",""value"":""story:e4b036101a7a:s28""}"	"1194"	"1281"
"3480df7007cb6dcab43d3f725cfd83820c3b42d523253166569b51940554a142"	"wog:claim:time:wog:sit:carry-into-canoe:wog:sit:warriors-say-go-home"	"claim-evidence"	"{""status"":""present"",""value"":0}"	"0"	"{""status"":""present"",""value"":""story:e4b036101a7a:s30""}"	"1318"	"1391"
"3480df7007cb6dcab43d3f725cfd83820c3b42d523253166569b51940554a142"	"wog:claim:time:wog:sit:warriors-say-go-home:wog:sit:ym2-concludes-ghosts"	"claim-evidence"	"{""status"":""present"",""value"":0}"	"0"	"{""status"":""present"",""value"":""story:e4b036101a7a:s31""}"	"1392"	"1430"
"3480df7007cb6dcab43d3f725cfd83820c3b42d523253166569b51940554a142"	"wog:claim:time:wog:sit:ym2-concludes-ghosts:wog:sit:not-feel-sick"	"claim-evidence"	"{""status"":""present"",""value"":0}"	"0"	"{""status"":""present"",""value"":""story:e4b036101a7a:s32""}"	"1431"	"1483"
"3480df7007cb6dcab43d3f725cfd83820c3b42d523253166569b51940554a142"	"wog:claim:time:wog:sit:battle:wog:sit:warriors-go-home"	"claim-evidence"	"{""status"":""present"",""value"":0}"	"0"	"{""status"":""present"",""value"":""story:e4b036101a7a:s33""}"	"1484"	"1510"
"3480df7007cb6dcab43d3f725cfd83820c3b42d523253166569b51940554a142"	"wog:claim:time:wog:sit:ym2-concludes-ghosts:wog:sit:warriors-go-home"	"claim-evidence"	"{""status"":""present"",""value"":0}"	"0"	"{""status"":""present"",""value"":""story:e4b036101a7a:s33""}"	"1484"	"1510"
"3480df7007cb6dcab43d3f725cfd83820c3b42d523253166569b51940554a142"	"wog:claim:time:wog:sit:battle:wog:sit:ym2-injured"	"claim-evidence"	"{""status"":""present"",""value"":0}"	"0"	"{""status"":""present"",""value"":""story:e4b036101a7a:s30""}"	"1318"	"1391"
"3480df7007cb6dcab43d3f725cfd83820c3b42d523253166569b51940554a142"	"wog:claim:time:wog:sit:warriors-go-home:wog:sit:arrive-egulac"	"claim-evidence"	"{""status"":""present"",""value"":0}"	"0"	"{""status"":""present"",""value"":""story:e4b036101a7a:s34""}"	"1511"	"1534"
"3480df7007cb6dcab43d3f725cfd83820c3b42d523253166569b51940554a142"	"wog:claim:time:wog:sit:arrive-egulac:wog:sit:canoe-lands"	"claim-evidence"	"{""status"":""present"",""value"":0}"	"0"	"{""status"":""present"",""value"":""story:e4b036101a7a:s35""}"	"1535"	"1581"
"3480df7007cb6dcab43d3f725cfd83820c3b42d523253166569b51940554a142"	"wog:claim:time:wog:sit:canoe-lands:wog:sit:ym2-ashore"	"claim-evidence"	"{""status"":""present"",""value"":0}"	"0"	"{""status"":""present"",""value"":""story:e4b036101a7a:s35""}"	"1535"	"1581"
"3480df7007cb6dcab43d3f725cfd83820c3b42d523253166569b51940554a142"	"wog:claim:time:wog:sit:ym2-ashore:wog:sit:warriors-down-river"	"claim-evidence"	"{""status"":""present"",""value"":0}"	"0"	"{""status"":""present"",""value"":""story:e4b036101a7a:s36""}"	"1582"	"1613"
"3480df7007cb6dcab43d3f725cfd83820c3b42d523253166569b51940554a142"	"wog:claim:time:wog:sit:ym2-ashore:wog:sit:ym2-to-house"	"claim-evidence"	"{""status"":""present"",""value"":0}"	"0"	"{""status"":""present"",""value"":""story:e4b036101a7a:s37""}"	"1614"	"1654"
"3480df7007cb6dcab43d3f725cfd83820c3b42d523253166569b51940554a142"	"wog:claim:time:wog:sit:ym2-to-house:wog:sit:make-fire"	"claim-evidence"	"{""status"":""present"",""value"":0}"	"0"	"{""status"":""present"",""value"":""story:e4b036101a7a:s37""}"	"1614"	"1654"
"3480df7007cb6dcab43d3f725cfd83820c3b42d523253166569b51940554a142"	"wog:claim:time:wog:sit:make-fire:wog:sit:recounting"	"claim-evidence"	"{""status"":""present"",""value"":0}"	"0"	"{""status"":""present"",""value"":""story:e4b036101a7a:s38""}"	"1655"	"1723"
"3480df7007cb6dcab43d3f725cfd83820c3b42d523253166569b51940554a142"	"wog:claim:time:wog:sit:recounting:wog:sit:becomes-quiet"	"claim-evidence"	"{""status"":""present"",""value"":0}"	"0"	"{""status"":""present"",""value"":""story:e4b036101a7a:s42""}"	"1901"	"1942"
"3480df7007cb6dcab43d3f725cfd83820c3b42d523253166569b51940554a142"	"wog:claim:time:wog:sit:becomes-quiet:wog:sit:nearly-daylight"	"claim-evidence"	"{""status"":""present"",""value"":0}"	"0"	"{""status"":""present"",""value"":""story:e4b036101a7a:s43""}"	"1943"	"1987"
"3480df7007cb6dcab43d3f725cfd83820c3b42d523253166569b51940554a142"	"wog:claim:time:wog:sit:becomes-quiet:wog:sit:sun-rises"	"claim-evidence"	"{""status"":""present"",""value"":0}"	"0"	"{""status"":""present"",""value"":""story:e4b036101a7a:s44""}"	"1988"	"2020"
"3480df7007cb6dcab43d3f725cfd83820c3b42d523253166569b51940554a142"	"wog:claim:time:wog:sit:sun-rises:wog:sit:falls-down"	"claim-evidence"	"{""status"":""present"",""value"":0}"	"0"	"{""status"":""present"",""value"":""story:e4b036101a7a:s44""}"	"1988"	"2020"
"3480df7007cb6dcab43d3f725cfd83820c3b42d523253166569b51940554a142"	"wog:claim:time:wog:sit:falls-down:wog:sit:black-from-mouth"	"claim-evidence"	"{""status"":""present"",""value"":0}"	"0"	"{""status"":""present"",""value"":""story:e4b036101a7a:s45""}"	"2021"	"2090"
"3480df7007cb6dcab43d3f725cfd83820c3b42d523253166569b51940554a142"	"wog:claim:time:wog:sit:black-from-mouth:wog:sit:blood-from-anus"	"claim-evidence"	"{""status"":""present"",""value"":0}"	"0"	"{""status"":""present"",""value"":""story:e4b036101a7a:s45""}"	"2021"	"2090"
"3480df7007cb6dcab43d3f725cfd83820c3b42d523253166569b51940554a142"	"wog:claim:time:wog:sit:black-from-mouth:wog:sit:face-contorted"	"claim-evidence"	"{""status"":""present"",""value"":0}"	"0"	"{""status"":""present"",""value"":""story:e4b036101a7a:s46""}"	"2091"	"2117"
"3480df7007cb6dcab43d3f725cfd83820c3b42d523253166569b51940554a142"	"wog:claim:time:wog:sit:face-contorted:wog:sit:dead"	"claim-evidence"	"{""status"":""present"",""value"":0}"	"0"	"{""status"":""present"",""value"":""story:e4b036101a7a:s47""}"	"2118"	"2130"
"3480df7007cb6dcab43d3f725cfd83820c3b42d523253166569b51940554a142"	"wog:claim:time:wog:sit:dead:wog:sit:people-cry"	"claim-evidence"	"{""status"":""present"",""value"":0}"	"0"	"{""status"":""present"",""value"":""story:e4b036101a7a:s48""}"	"2131"	"2162"
"3480df7007cb6dcab43d3f725cfd83820c3b42d523253166569b51940554a142"	"wog:claim:time:wog:sit:reported-shot:wog:sit:let-us-go-home"	"claim-evidence"	"{""status"":""present"",""value"":0}"	"0"	"{""status"":""present"",""value"":""story:e4b036101a7a:s30""}"	"1318"	"1391"
"3480df7007cb6dcab43d3f725cfd83820c3b42d523253166569b51940554a142"	"wog:claim:time:wog:sit:we-fought:wog:sit:many-fellows-killed"	"claim-evidence"	"{""status"":""present"",""value"":0}"	"0"	"{""status"":""present"",""value"":""story:e4b036101a7a:s40""}"	"1766"	"1847"
"3480df7007cb6dcab43d3f725cfd83820c3b42d523253166569b51940554a142"	"wog:claim:time:wog:sit:many-fellows-killed:wog:sit:they-said-shot"	"claim-evidence"	"{""status"":""present"",""value"":0}"	"0"	"{""status"":""present"",""value"":""story:e4b036101a7a:s41""}"	"1848"	"1900"
"3480df7007cb6dcab43d3f725cfd83820c3b42d523253166569b51940554a142"	"wog:claim:time:wog:sit:they-said-shot:wog:sit:i-did-not-feel-sick"	"claim-evidence"	"{""status"":""present"",""value"":0}"	"0"	"{""status"":""present"",""value"":""story:e4b036101a7a:s41""}"	"1848"	"1900"
"3480df7007cb6dcab43d3f725cfd83820c3b42d523253166569b51940554a142"	"wog:claim:cause:wog:sit:hear-war-cries:wog:sit:think-war-party"	"claim-evidence"	"{""status"":""present"",""value"":0}"	"0"	"{""status"":""present"",""value"":""story:e4b036101a7a:s4""}"	"125"	"171"
"3480df7007cb6dcab43d3f725cfd83820c3b42d523253166569b51940554a142"	"wog:claim:cause:wog:sit:hear-war-cries:wog:sit:think-war-party"	"claim-evidence"	"{""status"":""present"",""value"":0}"	"1"	"{""status"":""present"",""value"":""story:e4b036101a7a:s5""}"	"172"	"215"
"3480df7007cb6dcab43d3f725cfd83820c3b42d523253166569b51940554a142"	"wog:claim:cause:wog:sit:think-war-party:wog:sit:hide"	"claim-evidence"	"{""status"":""present"",""value"":0}"	"0"	"{""status"":""present"",""value"":""story:e4b036101a7a:s5""}"	"172"	"215"
"3480df7007cb6dcab43d3f725cfd83820c3b42d523253166569b51940554a142"	"wog:claim:cause:wog:sit:think-war-party:wog:sit:hide"	"claim-evidence"	"{""status"":""present"",""value"":0}"	"1"	"{""status"":""present"",""value"":""story:e4b036101a7a:s6""}"	"216"	"267"
"3480df7007cb6dcab43d3f725cfd83820c3b42d523253166569b51940554a142"	"wog:claim:cause:wog:sit:might-be-killed:wog:sit:not-go-along"	"claim-evidence"	"{""status"":""present"",""value"":0}"	"0"	"{""status"":""present"",""value"":""story:e4b036101a7a:s15""}"	"626"	"684"
"3480df7007cb6dcab43d3f725cfd83820c3b42d523253166569b51940554a142"	"wog:claim:cause:wog:sit:reported-shot:wog:sit:let-us-go-home"	"claim-evidence"	"{""status"":""present"",""value"":0}"	"0"	"{""status"":""present"",""value"":""story:e4b036101a7a:s30""}"	"1318"	"1391"
"3480df7007cb6dcab43d3f725cfd83820c3b42d523253166569b51940554a142"	"wog:claim:cause:wog:sit:warriors-say-go-home:wog:sit:ym2-concludes-ghosts"	"claim-evidence"	"{""status"":""present"",""value"":0}"	"0"	"{""status"":""present"",""value"":""story:e4b036101a7a:s30""}"	"1318"	"1391"
"3480df7007cb6dcab43d3f725cfd83820c3b42d523253166569b51940554a142"	"wog:claim:cause:wog:sit:warriors-say-go-home:wog:sit:ym2-concludes-ghosts"	"claim-evidence"	"{""status"":""present"",""value"":0}"	"1"	"{""status"":""present"",""value"":""story:e4b036101a7a:s31""}"	"1392"	"1430"
"3480df7007cb6dcab43d3f725cfd83820c3b42d523253166569b51940554a142"	"wog:claim:cause:wog:sit:not-feel-sick:wog:sit:ym2-concludes-ghosts"	"claim-evidence"	"{""status"":""present"",""value"":0}"	"0"	"{""status"":""present"",""value"":""story:e4b036101a7a:s31""}"	"1392"	"1430"
"3480df7007cb6dcab43d3f725cfd83820c3b42d523253166569b51940554a142"	"wog:claim:cause:wog:sit:not-feel-sick:wog:sit:ym2-concludes-ghosts"	"claim-evidence"	"{""status"":""present"",""value"":0}"	"1"	"{""status"":""present"",""value"":""story:e4b036101a7a:s32""}"	"1431"	"1483"
"3480df7007cb6dcab43d3f725cfd83820c3b42d523253166569b51940554a142"	"wog:claim:cause:wog:sit:fellow-shot:wog:sit:carry-into-canoe"	"claim-evidence"	"{""status"":""present"",""value"":0}"	"0"	"{""status"":""present"",""value"":""story:e4b036101a7a:s28""}"	"1194"	"1281"
"3480df7007cb6dcab43d3f725cfd83820c3b42d523253166569b51940554a142"	"wog:claim:cause:wog:sit:ym2-injured:wog:sit:dead"	"claim-evidence"	"{""status"":""present"",""value"":0}"	"0"	"{""status"":""present"",""value"":""story:e4b036101a7a:s30""}"	"1318"	"1391"
"3480df7007cb6dcab43d3f725cfd83820c3b42d523253166569b51940554a142"	"wog:claim:cause:wog:sit:ym2-injured:wog:sit:dead"	"claim-evidence"	"{""status"":""present"",""value"":0}"	"1"	"{""status"":""present"",""value"":""story:e4b036101a7a:s47""}"	"2118"	"2130"
"3480df7007cb6dcab43d3f725cfd83820c3b42d523253166569b51940554a142"	"wog:claim:cause:wog:sit:ym2-accompanies:wog:sit:dead"	"claim-evidence"	"{""status"":""present"",""value"":0}"	"0"	"{""status"":""present"",""value"":""story:e4b036101a7a:s19""}"	"781"	"806"
"3480df7007cb6dcab43d3f725cfd83820c3b42d523253166569b51940554a142"	"wog:claim:cause:wog:sit:ym2-accompanies:wog:sit:dead"	"claim-evidence"	"{""status"":""present"",""value"":0}"	"1"	"{""status"":""present"",""value"":""story:e4b036101a7a:s47""}"	"2118"	"2130"
"3480df7007cb6dcab43d3f725cfd83820c3b42d523253166569b51940554a142"	"wog:claim:goal:war:go"	"claim-evidence"	"{""status"":""present"",""value"":0}"	"0"	"{""status"":""present"",""value"":""story:e4b036101a7a:s12""}"	"498"	"551"
"3480df7007cb6dcab43d3f725cfd83820c3b42d523253166569b51940554a142"	"wog:claim:goal:war:go"	"claim-evidence"	"{""status"":""present"",""value"":0}"	"1"	"{""status"":""present"",""value"":""story:e4b036101a7a:s23""}"	"984"	"1007"
"3480df7007cb6dcab43d3f725cfd83820c3b42d523253166569b51940554a142"	"wog:claim:goal:battle:war"	"claim-evidence"	"{""status"":""present"",""value"":0}"	"0"	"{""status"":""present"",""value"":""story:e4b036101a7a:s12""}"	"498"	"551"
"3480df7007cb6dcab43d3f725cfd83820c3b42d523253166569b51940554a142"	"wog:claim:goal:battle:war"	"claim-evidence"	"{""status"":""present"",""value"":0}"	"1"	"{""status"":""present"",""value"":""story:e4b036101a7a:s26""}"	"1099"	"1157"
"3480df7007cb6dcab43d3f725cfd83820c3b42d523253166569b51940554a142"	"wog:claim:goal:wish:speak"	"claim-evidence"	"{""status"":""present"",""value"":0}"	"0"	"{""status"":""present"",""value"":""story:e4b036101a7a:s10""}"	"431"	"470"
"3480df7007cb6dcab43d3f725cfd83820c3b42d523253166569b51940554a142"	"wog:claim:goal:wish:speak"	"claim-evidence"	"{""status"":""present"",""value"":0}"	"1"	"{""status"":""present"",""value"":""story:e4b036101a7a:s11""}"	"471"	"497"
"3480df7007cb6dcab43d3f725cfd83820c3b42d523253166569b51940554a142"	"wog:claim:sc:fall:dead"	"claim-evidence"	"{""status"":""present"",""value"":0}"	"0"	"{""status"":""present"",""value"":""story:e4b036101a7a:s44""}"	"1988"	"2020"
"3480df7007cb6dcab43d3f725cfd83820c3b42d523253166569b51940554a142"	"wog:claim:sc:fall:dead"	"claim-evidence"	"{""status"":""present"",""value"":0}"	"1"	"{""status"":""present"",""value"":""story:e4b036101a7a:s47""}"	"2118"	"2130"
"3480df7007cb6dcab43d3f725cfd83820c3b42d523253166569b51940554a142"	"wog:claim:sc:sun:daylight"	"claim-evidence"	"{""status"":""present"",""value"":0}"	"0"	"{""status"":""present"",""value"":""story:e4b036101a7a:s43""}"	"1943"	"1987"
"3480df7007cb6dcab43d3f725cfd83820c3b42d523253166569b51940554a142"	"wog:claim:sc:sun:daylight"	"claim-evidence"	"{""status"":""present"",""value"":0}"	"1"	"{""status"":""present"",""value"":""story:e4b036101a7a:s44""}"	"1988"	"2020"
"3480df7007cb6dcab43d3f725cfd83820c3b42d523253166569b51940554a142"	"wog:claim:sc:conclude:people"	"claim-evidence"	"{""status"":""present"",""value"":0}"	"0"	"{""status"":""present"",""value"":""story:e4b036101a7a:s27""}"	"1158"	"1193"
"3480df7007cb6dcab43d3f725cfd83820c3b42d523253166569b51940554a142"	"wog:claim:sc:conclude:people"	"claim-evidence"	"{""status"":""present"",""value"":0}"	"1"	"{""status"":""present"",""value"":""story:e4b036101a7a:s31""}"	"1392"	"1430"
"3480df7007cb6dcab43d3f725cfd83820c3b42d523253166569b51940554a142"	"wog:claim:sc:conclude:ghosts"	"claim-evidence"	"{""status"":""present"",""value"":0}"	"0"	"{""status"":""present"",""value"":""story:e4b036101a7a:s31""}"	"1392"	"1430"
"3480df7007cb6dcab43d3f725cfd83820c3b42d523253166569b51940554a142"	"wog:claim:ref:wog:sit:announced-war:wog:sit:battle"	"claim-evidence"	"{""status"":""present"",""value"":0}"	"0"	"{""status"":""present"",""value"":""story:e4b036101a7a:s12""}"	"498"	"551"
"3480df7007cb6dcab43d3f725cfd83820c3b42d523253166569b51940554a142"	"wog:claim:ref:wog:sit:announced-war:wog:sit:battle"	"claim-evidence"	"{""status"":""present"",""value"":0}"	"1"	"{""status"":""present"",""value"":""story:e4b036101a7a:s26""}"	"1099"	"1157"
"3480df7007cb6dcab43d3f725cfd83820c3b42d523253166569b51940554a142"	"wog:claim:ref:wog:sit:relative-left-me:wog:sit:ym2-accompanies"	"claim-evidence"	"{""status"":""present"",""value"":0}"	"0"	"{""status"":""present"",""value"":""story:e4b036101a7a:s19""}"	"781"	"806"
"3480df7007cb6dcab43d3f725cfd83820c3b42d523253166569b51940554a142"	"wog:claim:ref:wog:sit:relative-left-me:wog:sit:ym2-accompanies"	"claim-evidence"	"{""status"":""present"",""value"":0}"	"1"	"{""status"":""present"",""value"":""story:e4b036101a7a:s21""}"	"857"	"912"
"3480df7007cb6dcab43d3f725cfd83820c3b42d523253166569b51940554a142"	"wog:claim:ref:wog:sit:ym2-went-with-warriors:wog:sit:ym2-accompanies"	"claim-evidence"	"{""status"":""present"",""value"":0}"	"0"	"{""status"":""present"",""value"":""story:e4b036101a7a:s19""}"	"781"	"806"
"3480df7007cb6dcab43d3f725cfd83820c3b42d523253166569b51940554a142"	"wog:claim:ref:wog:sit:ym2-went-with-warriors:wog:sit:ym2-accompanies"	"claim-evidence"	"{""status"":""present"",""value"":0}"	"1"	"{""status"":""present"",""value"":""story:e4b036101a7a:s22""}"	"913"	"982"
"3480df7007cb6dcab43d3f725cfd83820c3b42d523253166569b51940554a142"	"wog:claim:ref:wog:sit:accompanied-ghosts:wog:sit:ym2-accompanies"	"claim-evidence"	"{""status"":""present"",""value"":0}"	"0"	"{""status"":""present"",""value"":""story:e4b036101a7a:s19""}"	"781"	"806"
"3480df7007cb6dcab43d3f725cfd83820c3b42d523253166569b51940554a142"	"wog:claim:ref:wog:sit:accompanied-ghosts:wog:sit:ym2-accompanies"	"claim-evidence"	"{""status"":""present"",""value"":0}"	"1"	"{""status"":""present"",""value"":""story:e4b036101a7a:s38""}"	"1655"	"1723"
"3480df7007cb6dcab43d3f725cfd83820c3b42d523253166569b51940554a142"	"wog:claim:ref:wog:sit:recounting:wog:sit:battle"	"claim-evidence"	"{""status"":""present"",""value"":0}"	"0"	"{""status"":""present"",""value"":""story:e4b036101a7a:s26""}"	"1099"	"1157"
"3480df7007cb6dcab43d3f725cfd83820c3b42d523253166569b51940554a142"	"wog:claim:ref:wog:sit:recounting:wog:sit:battle"	"claim-evidence"	"{""status"":""present"",""value"":0}"	"1"	"{""status"":""present"",""value"":""story:e4b036101a7a:s38""}"	"1655"	"1723"
"3480df7007cb6dcab43d3f725cfd83820c3b42d523253166569b51940554a142"	"wog:claim:ref:wog:sit:we-fought:wog:sit:battle"	"claim-evidence"	"{""status"":""present"",""value"":0}"	"0"	"{""status"":""present"",""value"":""story:e4b036101a7a:s26""}"	"1099"	"1157"
"3480df7007cb6dcab43d3f725cfd83820c3b42d523253166569b51940554a142"	"wog:claim:ref:wog:sit:we-fought:wog:sit:battle"	"claim-evidence"	"{""status"":""present"",""value"":0}"	"1"	"{""status"":""present"",""value"":""story:e4b036101a7a:s39""}"	"1724"	"1765"
"3480df7007cb6dcab43d3f725cfd83820c3b42d523253166569b51940554a142"	"wog:claim:ref:wog:sit:many-fellows-killed:wog:sit:fellow-shot"	"claim-evidence"	"{""status"":""present"",""value"":0}"	"0"	"{""status"":""present"",""value"":""story:e4b036101a7a:s28""}"	"1194"	"1281"
"3480df7007cb6dcab43d3f725cfd83820c3b42d523253166569b51940554a142"	"wog:claim:ref:wog:sit:many-fellows-killed:wog:sit:fellow-shot"	"claim-evidence"	"{""status"":""present"",""value"":0}"	"1"	"{""status"":""present"",""value"":""story:e4b036101a7a:s40""}"	"1766"	"1847"
"3480df7007cb6dcab43d3f725cfd83820c3b42d523253166569b51940554a142"	"wog:claim:ref:wog:sit:they-said-shot:wog:sit:warriors-say-go-home"	"claim-evidence"	"{""status"":""present"",""value"":0}"	"0"	"{""status"":""present"",""value"":""story:e4b036101a7a:s30""}"	"1318"	"1391"
"3480df7007cb6dcab43d3f725cfd83820c3b42d523253166569b51940554a142"	"wog:claim:ref:wog:sit:they-said-shot:wog:sit:warriors-say-go-home"	"claim-evidence"	"{""status"":""present"",""value"":0}"	"1"	"{""status"":""present"",""value"":""story:e4b036101a7a:s41""}"	"1848"	"1900"
"3480df7007cb6dcab43d3f725cfd83820c3b42d523253166569b51940554a142"	"wog:claim:ref:wog:sit:i-was-shot:wog:sit:reported-shot"	"claim-evidence"	"{""status"":""present"",""value"":0}"	"0"	"{""status"":""present"",""value"":""story:e4b036101a7a:s30""}"	"1318"	"1391"
"3480df7007cb6dcab43d3f725cfd83820c3b42d523253166569b51940554a142"	"wog:claim:ref:wog:sit:i-was-shot:wog:sit:reported-shot"	"claim-evidence"	"{""status"":""present"",""value"":0}"	"1"	"{""status"":""present"",""value"":""story:e4b036101a7a:s41""}"	"1848"	"1900"
"3480df7007cb6dcab43d3f725cfd83820c3b42d523253166569b51940554a142"	"wog:claim:ref:wog:sit:i-did-not-feel-sick:wog:sit:not-feel-sick"	"claim-evidence"	"{""status"":""present"",""value"":0}"	"0"	"{""status"":""present"",""value"":""story:e4b036101a7a:s32""}"	"1431"	"1483"
"3480df7007cb6dcab43d3f725cfd83820c3b42d523253166569b51940554a142"	"wog:claim:ref:wog:sit:i-did-not-feel-sick:wog:sit:not-feel-sick"	"claim-evidence"	"{""status"":""present"",""value"":0}"	"1"	"{""status"":""present"",""value"":""story:e4b036101a7a:s41""}"	"1848"	"1900"
"3480df7007cb6dcab43d3f725cfd83820c3b42d523253166569b51940554a142"	"wog:claim:ref:wog:sit:reported-shot:wog:sit:ym2-injured"	"claim-evidence"	"{""status"":""present"",""value"":0}"	"0"	"{""status"":""present"",""value"":""story:e4b036101a7a:s30""}"	"1318"	"1391"
"3480df7007cb6dcab43d3f725cfd83820c3b42d523253166569b51940554a142"	"wog:claim:member:wog:ent:young-man-1:wog:ent:young-men"	"claim-evidence"	"{""status"":""present"",""value"":0}"	"0"	"{""status"":""present"",""value"":""story:e4b036101a7a:s1""}"	"29"	"72"
"3480df7007cb6dcab43d3f725cfd83820c3b42d523253166569b51940554a142"	"wog:claim:member:wog:ent:young-man-1:wog:ent:young-men"	"claim-evidence"	"{""status"":""present"",""value"":0}"	"1"	"{""status"":""present"",""value"":""story:e4b036101a7a:s13""}"	"552"	"598"
"3480df7007cb6dcab43d3f725cfd83820c3b42d523253166569b51940554a142"	"wog:claim:member:wog:ent:young-man-1:wog:ent:young-men"	"claim-evidence"	"{""status"":""present"",""value"":0}"	"2"	"{""status"":""present"",""value"":""story:e4b036101a7a:s15""}"	"626"	"684"
"3480df7007cb6dcab43d3f725cfd83820c3b42d523253166569b51940554a142"	"wog:claim:member:wog:ent:young-man-2:wog:ent:young-men"	"claim-evidence"	"{""status"":""present"",""value"":0}"	"0"	"{""status"":""present"",""value"":""story:e4b036101a7a:s1""}"	"29"	"72"
"3480df7007cb6dcab43d3f725cfd83820c3b42d523253166569b51940554a142"	"wog:claim:member:wog:ent:young-man-2:wog:ent:young-men"	"claim-evidence"	"{""status"":""present"",""value"":0}"	"1"	"{""status"":""present"",""value"":""story:e4b036101a7a:s17""}"	"729"	"751"
"3480df7007cb6dcab43d3f725cfd83820c3b42d523253166569b51940554a142"	"wog:claim:member:wog:ent:young-man-2:wog:ent:young-men"	"claim-evidence"	"{""status"":""present"",""value"":0}"	"2"	"{""status"":""present"",""value"":""story:e4b036101a7a:s19""}"	"781"	"806"
"3480df7007cb6dcab43d3f725cfd83820c3b42d523253166569b51940554a142"	"wog:claim:member:fellow:warriors"	"claim-evidence"	"{""status"":""present"",""value"":0}"	"0"	"{""status"":""present"",""value"":""story:e4b036101a7a:s28""}"	"1194"	"1281"
"3480df7007cb6dcab43d3f725cfd83820c3b42d523253166569b51940554a142"	"wog:claim:contain:theme:we-fought"	"claim-evidence"	"{""status"":""present"",""value"":0}"	"0"	"{""status"":""present"",""value"":""story:e4b036101a7a:s39""}"	"1724"	"1765"
